PID,harvard_brother,harvard_father
218J-MCB,1,0
245X-G5X,1,1
26KN-GXZ,1,0
26L8-B7W,1,0
26L8-D71,1,0
26PS-PYW,1,0
2743-3C8,1,1
27DT-WD4,1,1
27JG-RJW,0,1
27N9-WCF,1,0
27NR-7X7,1,0
27XN-P95,1,1
27XV-5C6,1,0
299N-TH8,1,0
29H4-JF5,0,1
2D6G-DJZ,1,1
2GG8-3NB,1,0
2H2J-H3P,1,1
2HG8-V2V,1,0
2HGZ-31M,1,1
2HPD-LGF,1,0
2HPX-BDW,1,0
2J3Y-QCJ,1,1
2MR5-L4C,1,1
2SH9-TJS,1,0
2SX7-CR2,1,1
2WD6-Q6G,1,1
2WD6-QD3,1,1
2WNH-ZZW,1,0
2X9W-3L3,1,0
2YYL-3JQ,0,1
2Z8Q-3KW,1,0
2Z9F-ZBJ,1,0
93L1-7QG,0,1
945P-NQK,1,0
94DK-NY1,1,0
94TR-MYP,1,0
94YY-43W,1,0
964M-V34,0,1
99MN-VVX,1,0
99MZ-9HS,1,1
9CSN-FML,0,1
9CX5-LL4,1,1
9D4Q-ZH7,1,0
9D4Q-ZHQ,1,0
9DXH-7V8,1,0
9DZZ-W93,1,0
9F37-DH3,1,0
9F37-KMH,1,0
9F97-GZY,0,1
9FM9-Q3F,1,0
9FY8-CD1,1,0
9FY8-CZW,1,0
9H55-69R,1,1
9H5R-LWS,0,1
9H8Q-5FD,1,1
9HFX-XHD,0,1
9HH5-MPZ,0,1
9HHV-2ZB,1,0
9HHV-2ZD,1,0
9HKV-LJL,1,0
9HKV-LVM,1,0
9HLY-ZGQ,1,0
9HLY-ZLB,1,0
9HRF-HD9,1,1
9HSL-P5H,1,0
9HXL-QX4,1,1
9HXL-QXF,1,1
9J7N-ZYW,1,0
9JVY-6ZW,0,1
9JWJ-PR5,1,0
9K4H-8LC,0,1
9K68-GRL,1,0
9K6C-3MX,1,0
9KBT-3N3,1,0
9KBT-3NQ,1,0
9KDN-BFS,1,0
9KDP-N1H,1,0
9KFN-3DQ,1,1
9KFN-4ZF,1,0
9KFN-MBD,1,0
9KFZ-Q1W,1,0
9KG5-T1F,1,0
9KGG-N3P,1,0
9KGQ-CWD,1,0
9KGV-LM9,1,0
9KL5-3NQ,0,1
9KLR-3RF,1,0
9KM8-3HR,1,0
9KPN-V49,1,0
9KPN-V4M,1,1
9KXP-VMM,1,1
9KXP-VMQ,1,1
9MGL-DQP,1,0
9MHL-MDF,0,1
9ML3-43P,1,1
9MSY-CDK,1,0
9N54-4GY,1,0
9N73-25C,1,0
9N73-25Z,1,0
9NHR-FHP,0,1
9NT5-YFF,1,0
9NTM-T7M,0,1
9Q8N-GP8,1,0
9QWT-JX8,0,1
9QXR-G7S,1,0
9S6G-6QP,1,0
9SMD-R4Y,1,1
9V4S-7NR,1,0
9V94-2BD,1,0
9V9T-DTB,1,0
9VG2-K2P,1,1
9VGW-PG4,0,1
9VH8-HRJ,1,1
9VHB-GHH,0,1
9VHL-NN2,1,0
9VHS-WX8,1,0
9VJD-QHY,1,0
9VPM-43V,0,1
9VQZ-ZTS,1,0
9VS8-ZRP,0,1
9VSL-PHT,1,1
9WF1-MZ1,0,1
9WHY-PNZ,1,0
9WPD-4LZ,1,0
9WPD-RFB,1,0
9WPD-RFF,1,0
9WY8-HXJ,1,0
9WZM-B4C,0,1
9X1Q-WGX,1,1
9XCW-NVM,1,0
9XCW-NVQ,1,0
9XJJ-PLS,1,0
9XPB-S7B,1,0
9XVK-W13,1,0
9XVK-W1S,1,0
9XYR-V6T,1,0
9ZXQ-5Q7,1,1
G332-4DB,1,0
G332-9WV,1,0
G332-S4W,1,0
G33G-9PW,1,0
G33K-SLS,1,0
G33K-X9Q,1,0
G33L-BNS,1,0
G33L-CG7,1,0
G33R-5TM,1,0
G33R-6C8,1,0
G33R-F4Z,1,0
G33R-GK9,1,0
G33R-ZLN,1,0
G33T-LSH,1,0
G33T-MBH,1,0
G33T-MJW,1,0
G33T-MNG,1,0
G33T-QPL,1,0
G33T-SC2,1,0
G33T-XT2,1,0
G33V-6VG,1,0
G33V-VB9,1,1
G33Y-6BK,1,0
G33Y-971,1,0
G33Y-WC2,1,0
G341-7KZ,1,0
G341-WRV,1,0
G342-6L7,1,0
G342-LQC,1,0
G346-3QC,1,0
G346-47W,1,0
G346-8WC,1,0
G346-Z7D,1,0
G34B-2MS,1,0
G34B-4YP,1,0
G34B-72B,1,0
G34B-FCS,1,0
G34B-PNH,1,0
G34B-WYH,1,0
G34D-1TX,1,0
G34D-QPL,1,0
G34D-TMC,1,0
G34D-XSZ,1,0
G34D-ZQ2,1,0
G34K-3KM,1,0
G34K-89Y,1,0
G34K-FVZ,1,0
G34K-HS3,1,0
G34K-PJT,1,0
G34K-YQJ,1,0
G34L-4T7,1,0
G34L-Q49,1,0
G34L-SP2,1,0
G34V-16N,1,0
G34V-GRL,1,0
G34V-KR2,1,0
G34V-TV1,1,0
G34X-4WW,1,0
G34X-7M9,1,0
G34X-8BN,1,0
G34X-92B,1,0
G34X-CPY,1,0
G34X-MMH,1,0
G34X-YJM,1,0
G34X-ZY4,1,0
G376-BYK,1,0
G376-LNT,1,0
G37F-315,1,0
G37F-79Z,1,0
G37F-BW6,1,1
G37F-QX8,1,0
G37F-S59,1,0
G37G-KXH,1,0
G37K-7YZ,1,0
G37K-HVN,1,0
G37K-M4Q,1,0
G37K-Q6J,1,0
G37R-1J4,1,0
G37R-2ZL,1,0
G37R-3P2,0,1
G37R-9JT,1,0
G37R-CJ2,1,0
G37R-T1P,1,0
G37R-VFN,1,0
G37R-W73,1,0
G37R-X98,1,0
G37R-Z6P,1,0
G37T-85Y,1,0
G37T-9QL,1,0
G37T-BS9,1,0
G37T-LYF,1,0
G37T-QTZ,1,0
G37X-3BY,1,0
G37Y-3J8,1,0
G37Y-9P5,0,1
G37Y-FMS,1,0
G37Y-X1S,1,0
G37Y-YXY,1,0
G39B-XFG,1,0
G39F-7ZX,1,0
G3H3-BC1,1,0
G3H3-LD1,1,0
G3H7-6L8,1,0
G3H7-SPW,1,0
G3HQ-3KK,1,0
G3HQ-CMW,1,0
G3HQ-M64,1,0
G3HQ-N54,1,0
G3HQ-QNY,1,0
G3HQ-W5M,1,0
G3HQ-W7X,1,0
G3HW-924,1,0
G3HW-9LM,1,0
G3HW-ZS2,1,0
G3Q4-MVB,1,0
G3Q4-YHG,1,0
G3Q6-184,1,0
G3Q6-9DQ,1,0
G3Q6-BKH,1,0
G3Q7-HJT,1,0
G3QD-85K,1,0
G3QD-BZW,1,0
G3QD-FXQ,0,1
G3QD-K56,1,0
G3QD-N8Q,1,0
G3QD-YVX,0,1
G3QF-YRW,1,0
G3QH-W7Y,1,0
G3QL-9W5,1,0
G3QL-CVR,0,1
G3QQ-4WQ,1,0
G3QQ-G5W,1,0
G3QQ-NQH,1,0
G3QW-P81,1,0
G3QX-2VS,1,0
G3QX-KVG,1,0
G3QX-Q8D,1,0
G3S2-D44,1,0
G3S5-3F5,1,0
G3SB-Z56,1,0
G3SP-XTG,1,0
G3SP-Z1C,1,0
G3W2-1YQ,1,0
G3W2-784,1,0
G3W2-BD1,1,0
G3W2-C89,1,0
G3W2-RJH,1,0
G3W3-7L5,1,0
G3W3-MRD,1,0
G3W3-S6F,1,0
G3W6-2BK,1,0
G3W6-5DT,1,0
G3W6-J55,1,0
G3W7-2LG,1,0
G3W8-1JV,1,0
G3W8-FF6,1,0
G3WD-4XZ,1,0
G3WD-8RF,1,0
G3WD-CKW,1,0
G3WD-CW4,0,1
G3WD-PPY,1,0
G3WD-RL3,1,0
G3WD-S5M,1,0
G3WD-TQD,1,0
G3WD-WYP,1,0
G3WF-4Z8,1,0
G3WF-CVD,1,0
G3WF-PDZ,1,0
G3WG-7P2,1,0
G3WG-W55,1,0
G3WK-N9H,1,0
G3WK-P3J,1,0
G3WL-6LB,1,0
G3WL-CWQ,1,0
G3WN-T83,1,0
G3WQ-WT2,1,0
G3WS-RKK,1,0
G3WS-VF2,1,0
G3WS-YJQ,1,0
G3WS-ZYY,1,0
G3WW-LLH,1,0
G3WX-17R,0,1
G3WX-191,1,0
G3WX-2C1,1,0
G3WX-J9G,1,0
G3WX-PP5,1,0
G3WX-RSS,1,0
G3WX-ZT5,1,0
G92X-WZV,1,0
G931-8LY,1,1
G93G-LYM,1,0
G93K-B4R,1,0
G93P-1Z2,1,0
G93Y-HD4,1,0
G948-PWJ,1,0
G948-RVS,1,0
G94K-PG7,1,0
G94K-T6J,1,0
G94Q-9SP,1,0
G94W-TW3,1,0
G95G-LT5,0,1
G95G-VS7,1,0
G95N-6LK,1,0
G95Q-FH5,1,1
G96C-RZ6,1,0
G978-MFQ,1,0
G979-DB5,1,0
G979-N4F,1,0
G984-HJF,1,1
G984-W8H,1,0
G98D-3T3,1,0
G98D-789,1,0
G98K-YVZ,1,1
G98R-4XY,1,0
G98S-JN5,1,0
G98S-LW8,1,0
G99B-33M,1,0
G99X-WYY,0,1
G9BN-JR6,1,0
G9BP-NJC,1,0
G9C5-BF8,1,0
G9C5-G1R,1,0
G9CL-V52,1,0
G9CQ-3HK,1,0
G9D7-QTH,0,1
G9DN-2WK,1,0
G9DN-4XR,1,0
G9DN-6BZ,1,0
G9DN-PD6,1,0
G9DZ-6ZN,1,0
G9F2-D9Z,1,1
G9GB-TCM,1,0
G9GP-6VX,1,0
G9GW-BCV,1,1
G9GW-M5J,1,0
G9HF-GCL,1,1
G9HK-F27,0,1
G9HR-MCJ,1,0
G9HS-8MV,1,0
G9HS-Z64,1,0
G9JF-2CW,1,0
G9JP-JK6,1,1
G9KB-6CM,0,1
G9KG-BJ6,1,0
G9KG-Q15,1,0
G9KG-YB9,1,0
G9KH-4KS,1,1
G9KR-5FH,1,0
G9LH-GY4,1,0
G9LH-N5Y,1,0
G9LT-MKC,1,0
G9LZ-ST3,1,0
G9M7-4P7,1,1
G9M7-D4C,0,1
G9MM-QFK,1,0
G9MV-J7S,0,1
G9MY-DX1,1,1
G9N5-LF9,0,1
G9N6-F4V,1,0
G9NB-77C,1,0
G9NK-2CJ,0,1
G9NY-2N8,1,0
G9NY-QRQ,1,0
G9P1-R1L,1,0
G9P6-BW1,1,0
G9PG-ZXR,1,0
G9PV-HY2,1,0
G9PX-MB2,1,0
G9QP-T84,1,0
G9QP-TT2,1,0
G9RX-4R7,1,0
G9RY-3MV,1,0
G9S1-S53,1,1
G9SM-BZX,0,1
G9SP-4G7,0,1
G9SP-MPS,1,0
G9SP-WQ8,1,0
G9T9-5G7,1,0
G9TL-F79,1,0
G9TP-7H9,0,1
G9TT-87D,1,0
G9V6-4P9,1,0
G9V9-76K,1,1
G9V9-D8T,1,1
G9VC-8CD,0,1
G9VS-9CL,1,0
G9VV-C2M,1,1
G9VV-XX7,1,0
G9W1-9LM,0,1
G9W7-WPN,0,1
G9WM-1V3,0,1
G9WR-NT5,1,0
G9X1-S1L,1,1
G9X1-WGS,1,0
G9X6-2SC,1,0
G9XP-8Z7,1,0
G9XR-WW4,1,0
G9Y6-MTK,1,0
G9Y7-64R,0,1
G9Y8-GVT,1,0
G9YD-BLR,1,0
G9YS-JZC,0,1
G9ZG-49Q,1,0
GM1Y-1SG,1,0
GM1Y-P7N,1,0
GM23-JB1,1,0
GM23-TGC,1,0
GM2G-PX1,0,1
GM2N-VPG,0,1
GM2R-K2K,1,1
GM33-SGD,1,0
GM3G-LG9,0,1
GM3K-W84,1,0
GM3N-M61,0,1
GM3S-6VQ,1,1
GM3S-D9X,1,1
GM3S-DJJ,1,1
GM3S-J5N,0,1
GM3X-M59,1,0
GM3X-SB6,1,0
GM48-6NS,1,0
GM48-XJP,1,0
GM4C-Q6N,1,0
GM52-D15,1,0
GM56-51F,1,0
GM5M-NR9,1,0
GM5Q-BXN,1,0
GM62-QVT,1,0
GM6N-PXM,1,0
GM6S-4YM,1,0
GM78-9K6,1,0
GM7C-R86,1,0
GM7F-4TP,1,0
GM88-4SP,0,1
GM8C-WTP,1,0
GM8T-15T,1,0
GM8T-TK8,1,1
GM95-LL6,1,0
GM9F-WJF,1,0
GM9K-4QM,0,1
GM9N-NXH,1,1
GM9R-7VK,0,1
GM9V-NYP,1,0
GMB5-ZB6,1,0
GMB6-977,1,0
GMB8-7Q4,1,0
GMBC-NPD,1,0
GMDP-9KH,1,0
GMDS-WF5,1,0
GMDW-N66,0,1
GMFL-3D6,1,0
GMG6-PGV,1,0
GMG8-QZW,0,1
GMG9-9Z1,0,1
GMHT-ZJB,1,0
GMJ1-N27,1,0
GMJY-7TP,1,0
GMKG-6DG,1,0
GMLF-894,1,0
GMLF-LVX,1,1
GMLF-XH5,1,0
GMLM-6SZ,0,1
GMLN-QRT,1,0
GMLN-SL6,1,0
GMLQ-TBW,0,1
GMM1-3QR,1,0
GMM6-DQC,1,0
GMM8-DYS,0,1
GMMT-PWT,1,0
GMMW-1ZB,0,1
GMNL-H1W,1,0
GMNZ-G63,1,0
GMP8-BPR,0,1
GMPJ-PTC,1,0
GMPT-QJV,1,0
GMQ3-QYW,1,0
GMQ4-FMK,1,0
GMQ5-977,1,0
GMQ5-CSG,1,0
GMQ5-HNX,1,0
GMQL-W1K,1,0
GMQL-X3D,1,0
GMQP-NKW,1,0
GMQQ-M84,1,0
GMR3-L4J,1,0
GMR9-MZT,1,0
GMT4-VRB,1,0
GMT8-WDF,0,1
GMTL-RTF,1,0
GMTS-42P,1,0
GMTS-67M,1,0
GMV7-535,1,0
GMV7-LK3,1,0
GMVF-FYD,1,1
GMVM-B25,1,0
GMWR-S2X,0,1
GMX4-32S,1,0
GMX8-4T2,1,0
GMX8-77N,1,0
GMX8-87M,1,1
GMXC-KMM,0,1
GMXK-N4S,0,1
GMXL-QQY,1,0
GMYH-PMK,0,1
GMYT-Q73,1,0
GMYV-9QK,1,0
GMZ9-KLV,1,0
GMZH-413,1,0
GMZH-853,1,0
GMZH-DZV,1,0
GMZJ-1LH,0,1
GMZJ-ZKM,1,1
GMZN-Y25,0,1
GMZP-8RK,1,0
GMZT-BJP,1,0
GS21-7ZR,1,0
GS21-B6B,1,0
GS21-HK7,1,0
GS21-MYS,1,0
GS25-3HC,1,0
GS2D-SK2,1,1
GS2G-CCG,1,0
GS2G-PQL,1,0
GS2G-XWR,1,0
GS2K-V22,1,0
GS2R-XVY,1,0
GS2Y-PYR,1,0
GS2Y-RTR,1,0
GS2Y-ZFL,0,1
GS3D-B5C,0,1
GS48-KRQ,1,0
GS4D-M46,1,0
GS5M-YQL,1,0
GS61-9QY,1,0
GS62-4T4,1,0
GS62-6BM,1,0
GS62-6N1,0,1
GS62-8K5,1,1
GS62-H62,0,1
GS62-KJV,1,0
GS62-YFW,1,0
GS66-1F9,1,0
GS66-4CY,1,0
GS66-8C4,0,1
GS66-FPR,1,0
GS66-L4Y,1,0
GS66-RFL,1,0
GS66-TXY,1,0
GS66-WGZ,1,0
GS66-WHW,1,0
GS66-YPC,1,0
GS66-ZJ5,1,0
GS67-3M7,1,0
GS67-4RJ,1,0
GS67-9S6,1,0
GS67-B16,1,0
GS67-M8H,1,1
GS67-MJX,0,1
GS67-YY3,1,1
GS67-Z2R,1,0
GS68-32B,1,0
GS68-3ST,0,1
GS68-5VB,1,1
GS68-767,1,0
GS68-TW4,1,1
GS68-YZF,1,0
GS68-ZJB,1,0
GS69-V9D,1,0
GS6B-34B,1,0
GS6B-3JR,1,0
GS6B-5BQ,0,1
GS6B-7NB,1,1
GS6B-8B4,1,0
GS6B-8NR,1,0
GS6B-9BG,1,0
GS6B-JMM,1,0
GS6B-L7W,1,0
GS6B-Q9L,1,1
GS6C-S6X,1,0
GS6D-2PG,0,1
GS6D-6NQ,1,0
GS6D-75X,1,0
GS6D-8Y7,1,0
GS6D-9TM,0,1
GS6D-H55,1,0
GS6D-LPB,1,0
GS6D-SD1,1,0
GS6D-YTH,1,0
GS6F-NP6,1,0
GS6F-SP3,1,0
GS6G-6K9,1,0
GS6G-7JP,1,0
GS6G-HXL,1,0
GS6K-6X7,1,0
GS6K-81S,1,0
GS6K-CQ6,0,1
GS6K-FTR,1,0
GS6K-GGW,1,0
GS6K-GJV,1,0
GS6K-JF8,1,0
GS6K-NVM,1,0
GS6K-QBJ,1,0
GS6K-S2S,1,0
GS6K-SGD,0,1
GS6K-STN,1,0
GS6K-TST,1,0
GS6K-VML,1,0
GS6K-VPM,1,0
GS6K-W14,0,1
GS6K-Z14,1,0
GS6L-M5W,1,0
GS6L-N36,0,1
GS6Q-7QL,0,1
GS6R-B59,1,0
GS6R-GDJ,1,0
GS6T-2W5,1,0
GS6T-379,1,0
GS6T-3J6,0,1
GS6T-3SJ,0,1
GS6T-547,1,0
GS6T-69Q,0,1
GS6T-6SP,1,0
GS6T-914,1,0
GS6T-C2W,1,0
GS6T-DX3,1,0
GS6T-LQB,1,0
GS6T-VJF,1,0
GS6T-VTP,1,0
GS6T-VWD,0,1
GS6T-ZWN,1,0
GS6V-26J,1,0
GS6V-3S8,1,0
GS6V-52X,1,0
GS6V-BH4,1,0
GS6V-GLB,0,1
GS6V-PS2,1,0
GS6V-Q3L,1,0
GS6V-SLC,1,0
GS6V-T5K,1,0
GS6V-VJN,1,0
GS6V-VR6,1,0
GS6W-78Z,1,0
GS6W-GCQ,1,0
GS6W-NQH,1,0
GS6W-Q1H,1,0
GS6W-QFJ,1,1
GS6W-QNM,1,1
GS6W-ZVD,1,0
GS6X-7MZ,1,0
GS6X-C7W,1,0
GS6Y-6YG,1,0
GS6Y-81P,1,1
GS6Y-947,1,0
GS6Y-BZF,1,0
GS6Y-CR7,1,0
GS6Y-M57,1,0
GS6Y-MR6,1,1
GS6Y-N18,1,0
GS6Y-R7N,1,0
GS6Y-RRW,1,0
GS6Y-RS5,1,0
GS6Y-SGB,1,1
GS6Z-BP5,1,0
GS75-9LP,0,1
GS7L-H85,1,0
GS7M-GHB,0,1
GS7W-17V,1,0
GS82-1SR,1,0
GS82-2TK,1,0
GS82-75R,1,0
GS82-76C,1,0
GS82-82S,0,1
GS82-CS3,1,1
GS82-K5X,1,0
GS82-LQF,1,0
GS82-R7B,1,0
GS82-XW9,0,1
GS82-ZXT,1,0
GS83-24L,1,0
GS83-2QJ,1,0
GS83-4KF,1,0
GS83-6DV,1,0
GS83-6FV,1,0
GS83-6P5,1,0
GS83-6V8,1,0
GS83-HSV,1,1
GS83-L61,1,0
GS83-NPS,1,0
GS83-XK5,1,0
GS84-1F6,1,0
GS84-568,1,0
GS84-6WX,1,0
GS84-7G6,1,0
GS84-849,1,0
GS84-FQ4,1,0
GS84-QYV,1,0
GS84-RGY,1,0
GS84-T21,1,0
GS84-VM9,1,0
GS86-2QP,1,0
GS86-3FP,1,0
GS86-B6L,1,0
GS86-J65,1,1
GS86-LD1,1,0
GS86-LD7,0,1
GS86-RC2,1,0
GS88-TZF,1,0
GS8D-5GX,1,0
GS8D-6Q4,1,0
GS8D-GFX,1,0
GS8D-HKP,0,1
GS8D-JH4,0,1
GS8D-RZB,1,0
GS8D-RZF,1,0
GS8D-Z7S,1,0
GS8F-28R,0,1
GS8F-CL9,1,1
GS8F-KRX,1,0
GS8F-M54,1,0
GS8F-QYT,1,0
GS8G-4D7,1,0
GS8G-7TD,1,0
GS8G-FJ8,1,0
GS8G-HMD,1,0
GS8G-MJD,1,0
GS8G-MVN,1,0
GS8G-S1Y,1,0
GS8H-3XX,1,0
GS8H-9XF,1,0
GS8H-D5M,1,0
GS8H-J8F,1,0
GS8H-NQ7,1,0
GS8J-CWM,1,0
GS8J-ND3,1,0
GS8K-D5T,1,0
GS8K-JKJ,1,1
GS8K-KNL,1,0
GS8K-NCF,1,0
GS8K-RCQ,1,1
GS8K-VX6,1,0
GS8K-XWQ,1,0
GS8L-1ST,1,0
GS8L-2VM,1,0
GS8L-3NL,1,0
GS8L-4DR,1,0
GS8L-FB2,1,0
GS8L-FDC,1,0
GS8L-L4Q,0,1
GS8L-LFN,1,0
GS8L-MFT,1,0
GS8L-NXH,1,0
GS8L-VHJ,1,0
GS8L-X7F,1,1
GS8L-Z9T,1,0
GS8L-ZW9,1,1
GS8N-FL4,1,0
GS8N-P1N,1,0
GS8Q-82K,1,0
GS8Q-CJ7,1,0
GS8Q-L2Q,1,0
GS8Q-RGB,1,0
GS8Q-W7Q,1,0
GS8Q-WLC,0,1
GS8Q-Y5F,1,0
GS8Q-Z24,1,0
GS8S-3B3,1,0
GS8W-3YS,0,1
GS8W-9GG,1,0
GS8W-9LG,1,0
GS8W-F31,1,0
GS8W-F7P,1,0
GS8W-MS9,1,0
GS8W-RVK,1,0
GS8W-Y5Y,1,0
GS8X-1XR,1,0
GS8X-3SS,1,0
GS8X-4FH,1,0
GS8X-CHK,1,0
GS8X-QP5,1,1
GS8X-QZK,1,0
GS8X-WFT,1,1
GS8X-XKF,0,1
GS9P-KW6,0,1
GSC1-N69,1,0
GSC2-41H,1,0
GSC2-4WC,1,0
GSC2-782,1,0
GSC2-F5R,1,0
GSC2-MSY,1,0
GSC2-P9D,0,1
GSC2-PJL,1,1
GSC2-QWF,1,0
GSC2-T4T,1,0
GSC2-V9K,1,0
GSC2-WKL,1,0
GSC2-Z13,1,0
GSC9-4CP,0,1
GSCB-3DQ,1,1
GSCB-S6D,0,1
GSCG-1C7,1,0
GSCK-1WZ,1,0
GSCK-5LH,1,0
GSCK-FH1,1,0
GSCK-P45,0,1
GSCK-TD8,1,0
GSCK-VL8,1,0
GSCL-YSB,1,0
GSCP-DHJ,1,0
GSCR-17N,1,0
GSCR-4LQ,1,0
GSCR-6SR,1,0
GSCR-GQH,1,0
GSCR-VMD,1,0
GSCT-3PQ,1,0
GSCT-4Q2,1,0
GSCT-4SL,1,0
GSCT-BK1,1,0
GSCT-DGS,1,0
GSCT-F5F,1,0
GSCT-F5Y,1,0
GSCT-HHG,1,0
GSCT-L1R,1,0
GSCT-L4S,1,0
GSCT-MD7,1,0
GSCT-MYY,1,0
GSCT-QDM,1,0
GSCT-SRK,1,0
GSCT-WDB,1,0
GSCT-X27,1,0
GSCT-Y4F,1,0
GSCY-2TP,1,0
GSCY-39F,1,0
GSCY-72Z,1,0
GSCY-D74,1,0
GSCY-J61,1,0
GSCY-KG4,1,0
GSCY-LQV,1,0
GSCY-N43,1,0
GSCY-RD9,1,0
GSCY-RTV,1,0
GSD1-H6P,1,0
GSD1-SRQ,1,0
GSD3-4XZ,1,0
GSD3-D8H,1,0
GSD3-DJD,1,0
GSD3-H6Y,0,1
GSD3-LYL,1,0
GSD3-M68,1,1
GSD3-Q18,1,0
GSD3-RNW,1,0
GSD3-RQQ,0,1
GSD3-XS6,0,1
GSD3-ZH1,0,1
GSD8-34Y,1,0
GSD8-4LJ,1,0
GSD8-RDG,1,0
GSDB-RG6,1,0
GSDC-2S1,1,0
GSDG-95C,0,1
GSDQ-11N,0,1
GSDQ-9FV,0,1
GSDR-3WC,0,1
GSDR-FGG,1,0
GSDS-G6M,1,0
GSDS-J71,1,0
GSDS-J7Y,1,0
GSDS-ZBL,1,0
GSDS-ZYX,1,0
GSDT-SZB,1,0
GSDY-RP6,1,0
GSF2-9HL,1,0
GSF2-ZJP,1,0
GSF3-29Y,1,0
GSF3-7YX,1,1
GSF3-9X7,1,0
GSF3-BV5,0,1
GSF3-LJM,1,0
GSF3-PJ5,1,0
GSF3-Q6F,1,1
GSF3-W4N,1,0
GSF3-XKX,1,0
GSF4-4BS,1,0
GSF4-D83,0,1
GSF4-GR4,1,0
GSF6-6ZF,1,0
GSF7-2RL,1,0
GSF7-3JJ,1,1
GSF7-75K,1,0
GSF7-9QX,1,0
GSF7-PZ3,0,1
GSF7-QCB,1,0
GSF7-R49,1,0
GSF7-RPH,1,0
GSF7-SJS,1,0
GSF7-VXG,0,1
GSF7-ZKZ,1,0
GSF8-27B,1,0
GSF8-35L,1,0
GSF8-5K9,1,0
GSF8-7RP,1,0
GSF8-98W,1,0
GSF8-9YY,1,0
GSF8-MD9,1,0
GSF8-MJW,0,1
GSF8-MSD,1,0
GSF8-NSQ,1,1
GSF8-NWV,1,0
GSF8-Q51,1,1
GSF8-RS3,0,1
GSF8-SQ2,0,1
GSF8-WJL,1,0
GSF8-XXJ,1,0
GSFC-77Z,1,1
GSFC-9DY,1,0
GSFD-2PJ,1,0
GSFD-7KJ,1,0
GSFD-949,0,1
GSFD-B1C,1,1
GSFD-D86,1,0
GSFD-HBG,1,0
GSFD-PVY,1,0
GSFJ-9CV,0,1
GSFJ-F4H,1,1
GSFJ-SBQ,1,0
GSFK-BNZ,1,0
GSFK-LKD,1,0
GSFK-T83,1,0
GSFK-Z11,1,0
GSFM-32C,1,0
GSFM-KM1,1,1
GSFN-1QY,1,0
GSFN-P5W,0,1
GSFQ-2JX,1,0
GSFQ-2NL,1,0
GSFQ-35Q,1,0
GSFQ-9Y9,0,1
GSFQ-HJS,1,0
GSFQ-LSH,1,0
GSFQ-PG4,1,0
GSFQ-QC9,0,1
GSFQ-S1W,1,0
GSFQ-SFP,0,1
GSFQ-W5V,0,1
GSFQ-ZYM,1,0
GSFV-B3S,1,0
GSFV-YMT,1,1
GSFV-ZFS,1,0
GSFW-FHP,1,0
GSFW-RKN,0,1
GSFW-WQ9,1,0
GSFZ-134,1,0
GSFZ-19W,0,1
GSFZ-4GB,1,0
GSFZ-B2Y,1,0
GSFZ-BR7,1,0
GSFZ-K63,1,1
GSFZ-LK4,1,0
GSFZ-P5B,0,1
GSFZ-PCN,0,1
GSFZ-R95,1,0
GSFZ-VGN,1,0
GSFZ-X86,1,0
GSFZ-XJF,1,0
GSFZ-YZT,1,0
GSG2-V4V,1,0
GSG4-GT4,1,0
GSG4-LZV,1,0
GSGN-TLJ,1,0
GSGW-PVG,1,0
GSHC-5S8,1,0
GSHT-QZY,1,0
GSHT-SGZ,1,0
GSJ3-1RB,1,0
GSJ3-HLX,1,0
GSJ3-TFK,1,0
GSJ6-4DJ,1,0
GSJ6-4VS,1,1
GSJ6-6X3,1,0
GSJ6-7N1,1,0
GSJ6-821,1,0
GSJ6-DJ6,1,0
GSJ6-DQ8,1,0
GSJ6-G8R,0,1
GSJ6-H6F,1,0
GSJ6-N6C,1,0
GSJ7-8D2,1,1
GSJ7-8V2,1,0
GSJ7-BSY,1,0
GSJ7-PDB,1,0
GSJ7-RJW,1,0
GSJ7-XPM,1,0
GSJ8-52Y,1,0
GSJ8-5GP,1,0
GSJ8-B81,1,0
GSJ8-DYF,1,0
GSJ8-MV3,1,0
GSJD-1W5,1,0
GSJD-2N8,1,0
GSJD-582,1,0
GSJD-8MF,1,0
GSJD-F6T,1,0
GSJD-P46,0,1
GSJD-Q4G,1,0
GSJD-R7J,1,0
GSJD-SNV,1,0
GSJF-6XZ,0,1
GSJF-LL2,1,0
GSJF-S17,1,0
GSJF-VJN,1,0
GSJG-178,1,0
GSJL-SJM,0,1
GSJN-33C,1,1
GSJP-2XC,1,0
GSJP-FTC,1,0
GSJQ-99W,1,0
GSJQ-BBC,1,0
GSJQ-K66,1,0
GSJQ-M2F,1,0
GSJQ-M3N,1,0
GSJQ-R2R,1,0
GSJS-FWN,1,0
GSJS-KT8,1,1
GSJS-R95,1,0
GSJW-7PJ,1,0
GSJW-JBC,1,1
GSJW-MW4,1,0
GSJX-VXC,1,0
GSJX-WDG,1,0
GSJZ-CX8,1,0
GSJZ-HCZ,1,0
GSJZ-NPR,0,1
GSJZ-RVF,1,0
GSJZ-TFJ,1,0
GSK3-351,0,1
GSK6-RDJ,1,0
GSK7-9J6,1,0
GSK8-B6F,1,0
GSK8-BDK,1,0
GSK8-LQ6,1,0
GSK8-RSF,1,0
GSK8-ZJW,1,0
GSKF-ZXB,0,1
GSKL-61K,1,1
GSKQ-YLY,1,0
GSKS-MH3,0,1
GSKX-C1Y,1,0
GSKZ-G6W,1,0
GSKZ-RQM,1,1
GSKZ-VQ6,1,0
GSL1-RNJ,0,1
GSL7-ZRS,1,0
GSL8-F6H,1,0
GSLB-29W,1,0
GSLB-GDT,1,0
GSLB-PJH,1,0
GSLD-B7W,1,0
GSLH-8BC,1,0
GSLM-GQQ,1,0
GSLM-SHR,1,0
GSLQ-1K9,1,1
GSLQ-2XQ,1,0
GSLQ-58R,1,0
GSLQ-59P,0,1
GSLQ-5QZ,1,0
GSLQ-LDB,1,0
GSLQ-NZF,1,0
GSLQ-PVX,1,0
GSN2-X6R,1,0
GSN6-SBT,1,0
GSN8-3W4,0,1
GSN8-68T,1,0
GSN8-FV7,1,0
GSN8-K5X,1,0
GSN8-VV5,1,0
GSNC-56T,1,0
GSNC-6H8,1,0
GSNC-JQX,1,0
GSNC-NVV,1,1
GSNC-PMY,1,0
GSNC-X42,1,0
GSND-6NJ,1,0
GSND-J7D,1,0
GSND-LXV,0,1
GSND-SK2,1,0
GSND-YMK,1,0
GSND-YY4,1,0
GSNG-SY1,0,1
GSNJ-5YP,0,1
GSNJ-BJK,1,0
GSNJ-D1D,1,1
GSNJ-DF2,0,1
GSNJ-F7D,1,0
GSNJ-HVH,1,0
GSNJ-LM8,1,0
GSNJ-Y64,1,0
GSNK-DCK,1,0
GSNK-FX2,1,0
GSNL-BB1,1,0
GSNN-RBS,1,0
GSNR-419,1,0
GSNR-9RT,1,0
GSNR-XL9,1,0
GSNT-8CW,1,0
GSNT-D91,0,1
GSNT-W4Q,0,1
GSNV-DLH,0,1
GSNV-K13,1,0
GSNV-PH5,1,0
GSNV-YJ1,1,0
GSNZ-156,0,1
GSNZ-235,1,0
GSNZ-2TY,1,0
GSNZ-65L,1,0
GSNZ-FT5,1,0
GSNZ-KPZ,1,0
GSNZ-P8M,1,0
GSNZ-PZ8,1,0
GSNZ-XCS,0,1
GSNZ-XLV,1,0
GSPY-27C,1,0
GSQ1-5VC,0,1
GSQZ-V36,1,0
GSS4-CJ2,1,0
GSS8-KYL,0,1
GSSN-V3Z,1,0
GSSV-M3T,1,0
GSTC-DQ9,1,0
GSTG-W5X,1,0
GSV2-FM6,1,0
GSV2-NQR,1,0
GSV2-P8Z,1,1
GSV5-YSB,1,0
GSV8-28F,1,0
GSV8-D5F,1,0
GSV8-LR2,1,0
GSVC-3SR,1,0
GSVC-6FG,1,0
GSVC-7Z3,1,0
GSVC-9MW,1,0
GSVC-CR3,1,0
GSVC-DK7,1,1
GSVC-G81,1,1
GSVC-H7R,1,0
GSVC-JWT,1,0
GSVC-MZV,1,0
GSVC-NV4,1,0
GSVC-PB6,1,0
GSVC-PDK,1,1
GSVC-VZZ,0,1
GSVC-WZT,1,0
GSVC-ZVF,1,0
GSVH-1CG,1,0
GSVH-BS5,1,0
GSVJ-2LZ,1,0
GSVJ-3HW,1,0
GSVJ-C63,1,0
GSVJ-D89,0,1
GSVJ-TL8,1,0
GSVJ-TL9,1,0
GSVJ-TSK,1,0
GSVJ-XBR,0,1
GSVJ-XK7,1,0
GSVK-2ND,1,0
GSVK-81D,1,0
GSVK-89X,1,0
GSVK-8ZR,1,0
GSVK-9FW,1,0
GSVK-DHY,1,0
GSVK-GWQ,1,0
GSVK-JN6,1,0
GSVK-KQV,1,0
GSVK-M36,1,0
GSVK-PXY,1,0
GSVK-RF3,1,0
GSVK-VNH,1,0
GSVL-C1R,1,0
GSVL-TLS,1,0
GSVL-VN7,1,1
GSVR-4G1,1,0
GSVR-9KJ,0,1
GSVR-C34,1,0
GSVR-DY7,1,0
GSVR-G15,1,0
GSVR-PDF,1,0
GSVR-TWC,1,0
GSVR-W4Y,1,0
GSVR-YYL,1,0
GSVT-M9G,1,0
GSVV-6BL,1,0
GSVV-951,1,0
GSVV-F9D,1,0
GSVV-FB5,1,1
GSVV-FNN,1,0
GSVV-JKL,1,0
GSVV-KLP,1,0
GSVV-N1C,1,0
GSVV-P4X,1,0
GSVV-S8T,1,0
GSVV-TM6,1,1
GSVV-V8C,1,0
GSVV-VWY,1,0
GSVV-XTK,1,0
GSVX-NRG,1,0
GSVX-SX5,1,0
GSVY-784,1,0
GSVY-D8B,1,0
GSVY-X74,0,1
GSVZ-3CY,1,0
GSVZ-3KR,0,1
GSVZ-43R,1,0
GSVZ-4MJ,1,0
GSVZ-7ZQ,1,0
GSVZ-8GS,0,1
GSVZ-8X7,1,0
GSVZ-CWN,1,0
GSVZ-JWJ,1,0
GSVZ-RKW,1,0
GSVZ-WJK,1,0
GSWN-K6W,1,0
GSWZ-B6C,1,0
GSWZ-KGK,1,0
GSX1-3J1,1,0
GSX1-C2D,1,0
GSX1-MY2,0,1
GSX1-Z3P,1,0
GSX2-1VY,1,0
GSX2-2MJ,1,0
GSX2-8Z5,1,0
GSX2-K43,1,0
GSX2-T62,1,0
GSX2-VTY,1,0
GSXB-3M7,1,0
GSXB-5JL,1,1
GSXB-BFN,1,0
GSXB-FKZ,1,0
GSXB-K82,1,1
GSXB-KC5,0,1
GSXB-LBC,1,1
GSXB-LVL,1,0
GSXB-NR4,1,0
GSXB-P1D,1,0
GSXB-SM4,1,0
GSXG-J7T,1,0
GSXG-JHL,1,0
GSXH-X43,1,0
GSXJ-1B3,0,1
GSXJ-1DL,1,1
GSXJ-21N,1,0
GSXJ-6K7,0,1
GSXJ-NPM,1,1
GSXJ-VW8,0,1
GSXK-DCZ,1,0
GSXK-JWB,1,0
GSXK-TL3,1,0
GSXK-Z9B,1,0
GSXL-28J,1,1
GSXL-4T5,1,0
GSXL-6D6,1,0
GSXL-8FL,1,1
GSXL-8J1,1,0
GSXL-8ST,1,0
GSXL-CVK,1,0
GSXL-DGM,1,0
GSXL-DL6,1,0
GSXL-SNM,1,0
GSXM-7YW,1,0
GSXP-HYG,1,0
GSXT-52Z,1,0
GSXT-CF7,1,0
GSXT-F14,1,0
GSXT-G9R,0,1
GSXT-HP3,0,1
GSXT-HRJ,1,0
GSXT-NJ9,1,0
GSXT-NMG,0,1
GSXT-RBL,1,0
GSXT-VGW,1,0
GSXT-VLJ,1,1
GSXT-Y43,1,0
GSXV-2MJ,1,1
GSXV-45X,1,0
GSXV-6ZR,1,0
GSXV-MRT,1,0
GSXV-SBQ,1,0
GSXV-XGX,1,0
GSXY-3B3,1,0
GSXY-4BF,1,0
GSXY-5QR,1,0
GSXY-8JC,0,1
GSXY-992,1,0
GSXY-9FC,1,1
GSXY-F5F,0,1
GSXY-HD6,1,1
GSXY-HF7,1,0
GSXY-HS8,1,0
GSXY-HWM,1,0
GSXY-LQJ,0,1
GSXY-NKY,1,0
GSXY-QPL,0,1
GSXY-QXT,1,0
GSXY-TVV,1,1
GSXY-VT4,0,1
GSXY-X2S,1,0
GSXY-XGV,1,1
GSZ3-2DV,1,0
GSZ3-2RS,1,0
GSZ3-6N8,1,1
GSZ3-8NQ,1,0
GSZ3-DJL,1,1
GSZ3-PSM,1,0
GSZ3-Z71,1,1
GSZ3-ZY6,1,0
GSZ4-NKL,1,0
GSZ6-1NM,1,0
GSZ6-WRK,1,0
GSZ7-GZS,1,0
GSZ7-MRP,1,0
GSZ7-RT2,1,0
GSZ7-YC4,1,0
GSZ8-1J8,1,0
GSZ8-831,1,0
GSZD-3XC,1,0
GSZD-DY6,1,0
GSZD-FKL,1,0
GSZD-M2F,1,0
GSZD-M7H,1,0
GSZD-N4C,0,1
GSZD-NQQ,1,0
GSZD-QFZ,1,0
GSZD-QWL,1,0
GSZD-TB8,1,0
GSZD-TNC,1,0
GSZH-8B3,1,0
GSZQ-2PB,1,0
GSZQ-2WP,1,0
GSZQ-32C,1,0
GSZQ-7KZ,1,1
GSZQ-DK9,1,0
GSZQ-HJM,1,0
GSZQ-MH7,1,0
GSZQ-SF4,1,0
GSZQ-VYG,0,1
GSZQ-W4D,1,0
GSZQ-YC2,0,1
GSZQ-ZFZ,1,0
GSZW-Q7L,1,0
GSZW-QMP,1,0
GSZW-SDS,1,0
GSZW-WBV,1,0
GSZX-HPQ,1,0
GSZX-J4R,1,1
GSZX-V8C,1,1
GSZX-W7P,1,0
GSZZ-6JP,1,0
GSZZ-83Q,1,0
GSZZ-KT5,1,1
GSZZ-NS9,1,0
GSZZ-PCM,1,0
GSZZ-PF1,1,0
GSZZ-PNS,1,0
GSZZ-RVH,1,0
GSZZ-TQR,1,0
GSZZ-V5F,1,0
GSZZ-VHG,0,1
GSZZ-X8W,1,1
GSZZ-YVD,0,1
K237-7HX,1,0
K24Q-8F3,1,0
K25H-THD,1,0
K25Y-HL5,0,1
K26N-2Y1,0,1
K2J3-VM9,1,0
K2JM-DR3,1,0
K2MK-8N1,1,0
K2NY-J5V,1,0
K2PJ-JZV,1,0
K2QD-1W7,1,0
K2R6-Y9Y,1,0
K2R8-HK1,1,1
K2R9-DH1,1,0
K2RN-44T,0,1
K2VM-YCN,1,0
K2XZ-N33,1,0
K2Y2-CXG,1,0
K2Y2-CXL,1,0
K2Y7-7FV,0,1
K2YC-K7N,1,0
K2Z3-C6M,1,0
K458-JM1,1,1
K462-Z73,1,1
K4DP-MJL,1,0
K4DW-1FT,1,1
K4GH-JWK,1,0
K4KW-JGH,0,1
K4LQ-7PK,1,0
K4PF-BJ2,1,0
K4PS-R2P,0,1
K4R4-33D,0,1
K4T6-NSK,1,0
K4VC-Q2L,1,0
K633-WCW,1,0
K657-PG5,0,1
K6HX-57B,1,0
K6SS-PQ4,1,0
K817-M4N,1,0
K85T-NK2,1,0
K884-5D7,1,0
K8CP-7QL,1,1
K8GS-JD5,1,0
K8JP-B7C,0,1
K8JZ-SQG,1,0
K8KC-8YL,1,0
K8LT-M5C,1,0
K8M9-ZLL,1,0
K8MP-653,1,0
K8MP-N8L,0,1
K8ND-1ML,0,1
K8QP-NB4,1,0
K8SQ-8JR,1,0
K8WD-HKH,1,0
K8Z3-JFK,1,0
K8ZB-644,1,1
K8ZB-FC7,1,1
KC6B-PV2,1,1
KC6S-QP9,1,0
KC71-H87,1,1
KC83-P5F,0,1
KCBG-H2J,1,0
KCFB-HH3,0,1
KCJY-R7Q,1,0
KCKV-5S8,1,1
KCLC-MRQ,0,1
KCVH-162,1,0
KCY1-VYD,0,1
KCZS-BH7,1,0
KD1M-SB5,1,0
KD9D-Q9J,1,0
KDMC-GSH,1,0
KDW3-7Z4,1,0
KF2B-RS8,1,1
KF2B-ZDZ,1,0
KF52-KBS,1,1
KFKN-R38,1,0
KFLL-YY8,1,0
KFPZ-2CP,1,1
KFPZ-2DJ,0,1
KFR4-7ZL,1,1
KG8R-K82,1,1
KGCT-KCT,0,1
KGS9-VDS,0,1
KH1K-CZK,1,0
KH2H-8JP,0,1
KH7Y-3XV,1,0
KHB9-BBG,1,0
KHG5-W61,1,0
KHH9-QTZ,0,1
KHPZ-SQP,1,0
KHQH-7RY,1,0
KHT9-56N,0,1
KHTR-SXS,1,0
KHWV-CCD,1,0
KHZV-34C,0,1
KJ45-J1K,1,0
KJ49-7VP,1,1
KJ4B-RY1,1,0
KJ4L-PPK,1,0
KJ4L-PV7,1,0
KJDT-QHZ,1,1
KJG4-MNY,0,1
KJGC-7ZC,1,0
KJGQ-NBG,1,0
KJLG-6YJ,0,1
KJLX-DG1,0,1
KJPN-TM7,1,0
KL7H-6QW,1,0
KLCD-QLZ,1,1
KLCZ-43Q,1,0
KLDN-HGH,1,0
KLF7-DPT,1,0
KLGZ-F32,1,0
KLJ1-SVK,1,0
KLVF-VZC,1,0
KLWV-2HC,1,0
KLXP-T7Z,0,1
KLYW-8RX,1,0
KLZ4-W1H,1,0
KN1D-ZP6,1,0
KN65-WW9,1,1
KN7Z-1X1,1,0
KNBR-24Z,1,1
KNBR-2QV,1,1
KNH2-4Q3,1,0
KNQN-WHN,1,0
KNQR-7BR,1,0
KNWH-7ZY,0,1
KNWL-T3P,0,1
KNWX-RF3,1,0
KNYV-GQ4,1,1
KP7C-65Q,0,1
KPD2-J19,1,1
KPD2-PZ5,1,0
KPDY-4TM,1,0
KPH7-24X,1,0
KPH7-NM1,1,0
KPQH-2QX,1,0
KPSG-MBM,1,0
KPSY-78Y,1,0
KPSY-QRF,1,1
KPWT-7SS,1,0
KV22-DDG,1,0
KVGZ-1G8,1,0
KW6W-F6T,1,0
KWD6-7SV,0,1
KWDK-5BP,0,1
KWVQ-4C7,1,0
KWVQ-4H8,1,0
KXLW-NF6,0,1
KZ4V-6HM,1,0
KZ51-BVQ,1,1
KZ99-23M,0,1
KZ9G-ZP2,0,1
KZFC-3MR,1,0
KZG5-RTR,0,1
KZGM-LSR,1,0
KZGP-KW1,0,1
KZKF-57B,0,1
KZLD-13Y,1,0
KZNN-5MD,1,0
KZPD-7YS,1,0
KZQK-R5J,1,0
KZSS-QZL,1,0
KZV7-JNH,1,1
KZVB-GPM,1,0
L11B-B5N,0,1
L11L-9S2,1,1
L12S-W44,1,0
L12S-ZTM,1,0
L12V-32C,0,1
L133-C4C,1,0
L133-KKR,1,0
L137-8XK,1,0
L137-K2F,1,0
L13B-C8H,1,1
L13K-6DR,1,0
L13S-VYK,0,1
L13X-7J4,1,1
L141-695,1,0
L149-GCC,0,1
L14M-5D5,0,1
L14Q-FC3,1,0
L14S-35S,1,0
L14S-HQ1,1,0
L14Y-39N,1,0
L15B-7WZ,0,1
L15D-17F,1,1
L15D-R7K,1,1
L162-DT1,0,1
L163-6N3,1,1
L163-9S8,1,0
L164-RGR,1,0
L16J-87V,1,1
L16N-5M9,1,0
L16N-G53,1,0
L16Y-8R5,1,0
L16Y-FQJ,1,0
L176-MJ4,0,1
L177-DRV,0,1
L178-8WR,0,1
L179-SFG,1,0
L179-Z7W,1,0
L17W-WQV,1,0
L17Y-NQ4,1,0
L187-TNR,1,0
L18K-NK1,1,1
L18M-6DG,1,0
L18T-MVK,1,0
L18V-394,0,1
L18W-4H1,1,0
L191-X6X,1,0
L196-NDP,1,0
L196-YD8,1,0
L19G-CL5,1,0
L19K-ZFJ,1,0
L19L-L64,1,0
L19N-CMC,1,0
L19N-MP9,1,0
L19W-KRQ,0,1
L19Y-K2C,1,0
L19Y-TCW,1,0
L1BF-JFG,1,0
L1BJ-29B,1,0
L1BJ-NDG,1,0
L1BV-FBF,0,1
L1BV-GJ1,1,0
L1BV-JGZ,1,0
L1CD-H8T,1,0
L1CD-MC2,1,0
L1CF-H9W,1,0
L1DC-9H1,1,0
L1DH-B3B,1,0
L1FF-92X,1,0
L1FQ-43J,1,0
L1FQ-46V,1,0
L1FV-3YZ,1,0
L1FX-VV5,1,0
L1GD-F6M,1,0
L1GK-GCJ,1,0
L1GM-3PX,1,0
L1GM-Q8S,1,0
L1GM-TG3,1,0
L1GY-W8J,0,1
L1H8-G2N,1,0
L1HB-9QB,1,0
L1HD-Q68,1,1
L1HQ-3J3,1,0
L1HQ-MRT,1,0
L1KC-1WR,1,0
L1KZ-9CK,1,0
L1L9-G4Y,1,0
L1LB-35B,0,1
L1LF-55K,1,0
L1LK-SB2,1,1
L1LV-BLP,0,1
L1M1-K4K,0,1
L1M3-21K,1,0
L1M4-PH3,1,1
L1MK-YX5,1,1
L1P3-M2H,1,0
L1P4-33G,1,0
L1PK-JJV,1,0
L1PK-XYJ,1,0
L1PQ-VFC,1,0
L1QM-87G,1,0
L1S9-X7R,1,0
L1SC-2WX,1,0
L1SM-1K8,0,1
L1SS-TSL,0,1
L1SV-4S4,1,1
L1T5-SZP,0,1
L1TK-C2B,1,0
L1TK-DZ8,0,1
L1TK-HSS,0,1
L1TM-DTG,1,0
L1TW-4QQ,1,0
L1V2-NY1,1,0
L1V9-9CY,1,0
L1VM-PVT,1,0
L1VM-R55,1,0
L1WB-1JN,0,1
L1WC-CJ4,1,0
L1WC-ZQ8,1,0
L1XB-LP5,0,1
L1XW-T57,1,0
L1Y1-3Q5,1,0
L1Y1-3W2,1,0
L1Y1-ZZF,1,0
L1Y8-RHS,1,1
L1YB-QPM,0,1
L1YH-NZD,1,0
L1Z2-P15,1,0
L1Z7-699,0,1
L1ZB-57Y,1,0
L1ZK-426,1,0
L1ZN-75Z,1,0
L1ZN-QGV,1,0
L1ZR-6CG,1,0
L1ZR-6R5,1,0
L216-2XJ,1,0
L216-VYS,1,1
L219-9DF,1,0
L219-9W6,1,0
L21W-6H8,0,1
L226-1N8,1,0
L22B-2R7,1,0
L22B-2TW,1,0
L22D-2NP,1,0
L22G-2MX,1,0
L22H-DXW,0,1
L22X-K3S,1,0
L232-7KD,1,1
L23F-7D2,1,0
L23G-H74,1,0
L23R-Z3Q,1,0
L245-D24,1,0
L245-DP3,1,0
L24F-BP8,1,0
L24G-QCG,1,0
L24T-S7V,1,1
L259-6GZ,0,1
L268-DFX,1,0
L269-LGZ,1,0
L26D-1DF,1,0
L26F-FTG,1,0
L26L-ZD3,1,0
L26M-BQ4,1,0
L26M-YRF,1,0
L26Z-FBX,0,1
L279-4K6,0,1
L27D-BZS,1,1
L27D-RXK,1,1
L27F-CVL,1,1
L27M-WVH,1,0
L27S-LRR,1,1
L27X-H95,1,0
L292-5PT,1,0
L29M-7KR,1,1
L2B7-ZCB,1,0
L2BG-NGF,1,0
L2BV-48P,1,0
L2BV-75T,1,0
L2BW-1XD,1,0
L2CQ-C4R,0,1
L2CR-7CZ,0,1
L2CZ-3D2,1,0
L2CZ-3Q2,1,0
L2F4-FLT,1,0
L2FN-JBQ,0,1
L2FW-C2M,1,0
L2FW-C8H,1,0
L2FW-R37,1,1
L2FX-9W1,1,0
L2GG-48B,1,0
L2GJ-KKP,1,0
L2GJ-MR2,1,1
L2H3-KXK,1,1
L2H5-KKZ,1,0
L2HW-1KR,0,1
L2J1-1J3,1,0
L2J1-TC4,1,0
L2J2-2GS,0,1
L2JT-BC3,1,0
L2K6-MX3,0,1
L2KD-B81,0,1
L2KG-P7H,1,0
L2KK-2NW,0,1
L2KK-N59,1,0
L2KK-NGV,1,0
L2KZ-GJX,1,0
L2LB-7RN,1,1
L2LB-WBB,1,0
L2LF-VZ7,1,0
L2LN-BRN,0,1
L2LY-MGP,1,0
L2LY-MKJ,1,1
L2LY-MVY,1,1
L2M2-7MG,1,0
L2M2-7SM,1,1
L2MD-YNQ,1,0
L2MY-92T,1,0
L2N6-XF1,0,1
L2N9-8F2,1,0
L2NL-21Q,1,1
L2NP-9KK,1,0
L2NT-255,1,0
L2PD-4SP,1,0
L2PD-S6T,1,0
L2PK-Y9Q,1,1
L2PN-4XD,1,0
L2PR-JZS,1,0
L2PW-PQB,1,0
L2Q1-7DB,1,0
L2Q1-SLX,1,0
L2QH-95N,1,1
L2QH-9RJ,1,0
L2R6-S2P,1,0
L2R6-SR6,1,0
L2RF-B15,1,0
L2RF-XGV,1,0
L2S1-P9V,1,0
L2SQ-FKH,1,0
L2SQ-JSN,1,0
L2SW-24L,1,1
L2SW-KRD,1,1
L2TJ-6MY,0,1
L2TT-D48,1,0
L2VD-XDV,1,0
L2VN-L5J,1,0
L2VT-9B5,1,0
L2VY-H6L,1,1
L2VZ-G9H,0,1
L2W4-6FV,1,0
L2X3-77L,1,0
L2X6-TWK,1,1
L2XM-485,1,0
L2XM-48M,1,0
L2XW-YR8,1,1
L2XW-YRR,1,0
L2Y6-RN1,1,1
L2YM-N91,1,0
L2YM-TN1,1,0
L2YR-SYL,1,0
L2ZR-2H3,1,1
L3FW-DPP,1,0
L3FW-DYW,1,0
L41N-SFL,0,1
L41N-Z1Y,0,1
L42F-636,1,1
L447-VVJ,1,0
L465-62K,1,0
L48H-ZZ4,1,0
L4C1-8LX,1,0
L4C1-8VY,1,0
L4JG-7DT,1,0
L4JG-QTF,1,0
L4R1-K41,1,0
L4R1-TVJ,1,0
L4T1-DTW,1,0
L4TQ-QKC,1,0
L4X7-HRK,1,0
L518-RTL,1,0
L518-TBX,1,0
L51C-NQC,1,0
L51F-VJF,1,0
L51H-391,1,0
L51H-C53,1,1
L51V-SZ2,1,1
L51Y-B1M,1,0
L51Y-TP4,1,0
L522-7X8,0,1
L528-FL9,1,0
L52X-8MC,0,1
L565-WN5,1,1
L566-6ZW,0,1
L56H-ZPM,0,1
L56P-5MT,0,1
L56P-BMN,1,0
L583-MFQ,1,0
L58L-J5X,1,0
L58T-M45,1,0
L58W-MP6,1,0
L5B4-8R8,1,0
L5BB-5DL,1,0
L5BJ-LDG,1,0
L5BS-JQZ,1,0
L5BV-53J,1,0
L5BV-GJZ,1,0
L5C1-GKR,0,1
L5CP-4G3,1,0
L5CP-8Y4,1,0
L5CY-CVT,1,0
L5CY-FLL,1,0
L5CY-XK6,1,0
L5DB-R4N,1,0
L5DG-RDF,0,1
L5DS-HQ5,0,1
L5DT-912,1,0
L5DT-CGZ,1,1
L5DT-Q7T,1,0
L5DZ-PC1,0,1
L5FT-NXV,1,0
L5FZ-226,1,0
L5G2-KX4,1,0
L5GZ-FY7,1,0
L5J2-2VT,1,1
L5JR-35J,1,1
L5JW-M1N,1,0
L5KC-5QJ,0,1
L5KQ-7RQ,0,1
L5KW-Q8H,1,0
L5KW-SPM,1,0
L5LF-G74,1,0
L5LF-TQ7,1,1
L5LP-71P,1,0
L5LP-7XQ,1,1
L5LP-Q1H,1,1
L5LV-172,0,1
L5NB-YF2,0,1
L5NP-J3M,1,0
L5NP-NML,1,0
L5P1-1PS,1,0
L5P4-27W,1,0
L5P4-PDV,1,0
L5P5-F26,0,1
L5PY-KTD,1,1
L5R5-S79,1,0
L5R5-S9X,1,0
L5RC-3X7,1,0
L5RD-3X4,1,0
L5T1-9NG,0,1
L5T4-6P6,1,0
L5TB-7GN,1,0
L5TB-BDT,0,1
L5V2-K4L,1,0
L5V6-M6G,1,0
L5V7-LQG,1,1
L5V9-QKV,0,1
L5VF-3GF,0,1
L5VG-Z68,1,0
L5VH-GN9,1,0
L5VH-TWS,1,1
L5VN-MDT,1,1
L5XG-8W4,1,0
L5XN-Z93,0,1
L5Y1-3VX,0,1
L5Y8-6F3,1,0
L5Y8-6XD,1,0
L5Y9-YWT,1,0
L5YJ-WRH,1,0
L5YP-733,1,1
L5YQ-QLM,0,1
L5YR-3K2,1,0
L5YR-8X5,1,0
L5YR-D9D,1,0
L5YS-78P,1,0
L5YS-Q7T,1,1
L5YV-87T,0,1
L5YV-V8D,1,1
L5Z3-FN3,1,0
L5Z9-97W,0,1
L612-FH1,1,0
L618-YHQ,0,1
L619-ZP3,1,0
L61F-XJK,1,1
L61Y-NWY,1,1
L62H-YHM,1,0
L62L-Q89,1,0
L62R-JF5,0,1
L62R-WXV,1,0
L634-3KL,1,0
L634-4GG,1,0
L638-8D8,1,0
L638-8ZJ,1,0
L653-M91,1,1
L659-1DW,1,0
L66R-17M,0,1
L66S-F9K,1,0
L67Q-Q37,1,0
L692-44B,1,0
L695-ZB4,0,1
L69K-LBN,1,1
L69P-JQD,1,1
L6BF-6J7,1,0
L6C4-VK9,1,0
L6C4-VL4,1,0
L6CD-KNY,1,0
L6CS-CMJ,1,0
L6CS-HHJ,1,0
L6CZ-29C,0,1
L6D5-JLC,1,0
L6F8-9MF,0,1
L6FL-Z6Y,0,1
L6FZ-T89,1,0
L6FZ-TD9,1,0
L6G1-W7X,0,1
L6HD-KXL,1,0
L6HT-QK6,0,1
L6J2-JB8,1,0
L6J2-JRZ,1,0
L6J8-WHQ,1,1
L6JG-TXD,1,0
L6JG-TXY,1,0
L6JT-1R8,0,1
L6KF-BKP,1,1
L6KG-TBC,1,0
L6KG-YP6,1,0
L6KL-V17,0,1
L6KP-BF5,0,1
L6LB-7YB,1,0
L6M5-D2L,1,0
L6MK-7HG,1,0
L6MR-DY6,1,0
L6NK-31Q,1,0
L6PJ-NNL,1,0
L6PR-JBF,1,0
L6PV-5T8,1,0
L6PV-K93,1,0
L6PV-VCD,1,0
L6PX-LJ9,1,0
L6QN-RG5,1,0
L6QN-RP8,1,0
L6R4-MFW,0,1
L6RT-566,1,0
L6SC-8JC,1,0
L6SC-DPH,1,0
L6SM-Z91,1,0
L6TR-S7Z,1,0
L6TR-SZQ,1,0
L6TT-D64,1,0
L6WY-BWP,1,0
L6X3-8RT,1,0
L6XY-LZ9,0,1
L6Y7-7XM,1,0
L6Z5-L4T,1,0
L6ZP-LR2,0,1
L74G-89P,1,0
L77R-H9J,1,0
L7CP-ZN9,0,1
L7FK-492,1,1
L7G1-4KJ,0,1
L7G1-B8F,1,0
L7GC-65H,1,0
L7GC-6ZQ,1,0
L7L2-XVS,1,0
L7N6-XM4,0,1
L7PS-YR5,1,0
L7RB-JYQ,0,1
L7SM-4VS,1,1
L7XL-7G2,1,0
L7XL-7GL,1,0
L7Z5-5CG,1,0
L81J-9NJ,1,0
L83B-JST,1,1
L83T-7WC,0,1
L84M-Z43,1,0
L84M-Z74,1,0
L85M-JDM,1,0
L85M-VQ9,1,0
L85S-YCB,1,0
L87J-TBK,1,0
L87M-KNP,1,0
L87M-N21,1,0
L87W-14Z,1,0
L87Z-M1S,1,1
L89P-SSK,1,1
L8DL-F8N,1,0
L8GW-1SF,0,1
L8HB-L28,0,1
L8K2-SW2,1,1
L8MK-NK3,0,1
L8PL-GX4,0,1
L8QP-L6Y,1,0
L8QX-BHY,1,0
L8QX-BW8,1,0
L8RC-M2F,0,1
L8RC-QBY,0,1
L8S8-CYC,0,1
L8SM-45T,1,1
L8SY-5Y4,1,1
L8YB-GMZ,1,0
L8YB-P9L,1,0
L8YB-PW2,1,0
LB13-ZGB,0,1
LB16-WH2,1,0
LB1M-YF1,0,1
LB1Q-M4X,1,0
LB2H-9HN,1,0
LB2H-CT5,1,0
LB2H-X22,1,0
LB2Q-8Q4,1,0
LB2Q-HDH,1,0
LB3G-R1C,1,0
LB3G-YNR,1,0
LB45-R3F,1,1
LB46-882,1,0
LB4D-JNK,1,0
LB4G-3D4,1,0
LB4G-QXL,1,0
LB4N-L3X,0,1
LB4V-2SW,1,0
LB5C-983,1,0
LB5D-6CH,1,0
LB5D-WVD,1,0
LB5Q-R5W,0,1
LB61-RV9,1,0
LB6B-3ZS,0,1
LB71-R74,1,1
LB71-V32,0,1
LB72-1QC,1,1
LB78-FQM,1,0
LB7N-ZXR,1,1
LB7P-1FC,0,1
LB7Z-S63,1,0
LB85-PXP,1,0
LB86-ZZZ,1,0
LB8B-6KF,1,0
LB8B-XQF,1,0
LB8L-D6S,1,0
LB8M-7H7,1,0
LB93-QWX,1,0
LB95-C2S,0,1
LB96-BS8,1,0
LB9F-S9M,1,0
LB9P-9JP,1,0
LB9P-N88,1,0
LBB2-BY5,1,0
LBB6-4WK,0,1
LBB6-JBV,1,0
LBB9-66C,1,0
LBC4-41X,1,0
LBC8-PGM,1,0
LBCC-M2H,1,0
LBCD-MV2,1,0
LBCF-BZ9,1,1
LBCH-DKS,1,1
LBCW-SZW,1,0
LBD1-SB1,1,1
LBD2-K3Z,1,0
LBD3-MSH,1,0
LBDG-GN6,1,1
LBDS-1NW,1,0
LBDV-D97,0,1
LBDX-5Y1,1,0
LBDZ-NJR,0,1
LBFM-K4T,0,1
LBFQ-YV5,1,0
LBFW-94N,0,1
LBG1-4HP,0,1
LBG6-LH6,1,0
LBG7-T79,0,1
LBGF-9XW,1,1
LBGF-CJV,0,1
LBGF-W9X,1,1
LBGS-VXL,0,1
LBGT-8GT,1,0
LBGZ-28H,1,0
LBGZ-7HP,1,0
LBGZ-Z9H,1,0
LBJ3-K95,0,1
LBJ3-NCZ,1,0
LBJ3-PBQ,1,0
LBJQ-H5D,1,0
LBK3-3YC,1,0
LBK6-JV8,1,0
LBK7-Z9S,1,0
LBL4-129,0,1
LBL7-H95,1,0
LBLC-C92,0,1
LBM4-B2G,0,1
LBN9-5DY,1,0
LBN9-T3Q,1,0
LBNX-D3P,1,0
LBP3-GR3,1,0
LBP3-TW4,1,0
LBP4-JJ3,1,0
LBPY-KRL,0,1
LBPZ-DN3,1,0
LBQ4-MP9,1,0
LBQP-92B,0,1
LBQV-SDJ,1,0
LBQV-ZGQ,1,0
LBQW-GF3,1,0
LBRN-31T,1,0
LBRN-W7L,1,0
LBRN-ZMP,1,0
LBRX-QX7,1,0
LBS9-RDG,1,1
LBSD-7XH,1,0
LBSD-RJY,1,0
LBSG-54F,1,0
LBSL-DT4,1,0
LBSP-M57,1,0
LBSX-TRD,1,0
LBTV-Z5X,1,1
LBTW-CFQ,1,0
LBV4-B7K,1,0
LBV4-KJY,1,1
LBV5-NQW,0,1
LBV9-BLT,1,0
LBVN-919,1,0
LBVR-WG5,1,1
LBW1-KQN,1,0
LBW1-VSG,1,0
LBXH-BW1,1,0
LBXS-WZ4,0,1
LBYJ-DJT,1,0
LBYR-2BZ,0,1
LBYV-ZJF,1,0
LBYY-4PP,1,0
LBZ6-CRX,0,1
LBZ6-HP7,0,1
LBZ6-NQ2,1,1
LBZV-8W3,0,1
LC1Y-Z44,1,0
LC2H-QB3,0,1
LC2J-66Y,0,1
LC34-85J,1,0
LC51-8QL,1,0
LC55-5W5,0,1
LC5Y-FTL,1,0
LC61-TQY,1,0
LC6G-QT4,0,1
LC8C-PP5,1,0
LC8C-TTZ,1,0
LC8V-GBT,1,1
LC8Z-KNH,1,0
LCCF-W6S,1,1
LCCV-CFS,1,0
LCDH-4C8,1,0
LCDS-W1S,0,1
LCFL-8S4,1,0
LCFX-NHM,1,0
LCJ8-SFB,1,0
LCJB-X3S,1,0
LCJN-T6M,1,1
LCJN-TX2,1,1
LCJV-ZNC,1,0
LCMG-QT6,1,0
LCMG-QYM,1,0
LCP2-5C9,1,0
LCQ3-CYG,1,1
LCQN-16X,0,1
LCR4-F6J,0,1
LCRD-ZTW,1,1
LCTT-QJY,1,0
LCV1-S78,1,0
LCV7-M15,1,1
LCX7-1V3,1,1
LCY3-LGX,1,1
LCY3-P51,1,0
LCY3-PJP,1,0
LCY3-PKG,1,1
LCY3-PYN,1,0
LCZJ-JSX,1,0
LD19-FLJ,1,0
LD1B-D7X,1,0
LD1B-D8S,1,0
LD1M-KV2,0,1
LD1S-4FH,0,1
LD2W-STV,0,1
LD56-QYF,1,0
LD58-KXX,1,0
LD59-2Z5,1,0
LD5P-FZM,1,0
LD5P-J5P,1,0
LD5P-J6S,0,1
LD5P-KQZ,1,1
LD5Q-GB1,0,1
LD9J-J7P,1,0
LDBM-G5S,1,0
LDBM-GP7,1,0
LDBR-XRZ,0,1
LDHL-VZ7,1,0
LDHN-69V,1,0
LDHN-D17,1,1
LDHN-D1J,1,1
LDJV-D95,0,1
LDJX-WK1,1,1
LDLG-FN5,1,0
LDLJ-8YX,0,1
LDLY-XX1,0,1
LDML-9Q1,1,0
LDNL-F59,1,1
LDPX-GKF,1,1
LDQ4-QBK,1,0
LDS3-Y35,1,0
LDT2-BD8,1,0
LDT3-DZN,1,0
LDTC-2H2,1,1
LDTD-4NQ,0,1
LDTF-YYP,1,0
LDY6-HSR,1,0
LDYK-HS7,0,1
LDYR-YN6,1,0
LDZG-G1L,1,0
LDZG-GN4,1,0
LDZG-P89,1,0
LF67-MHG,0,1
LF85-429,1,0
LF85-454,1,0
LF85-ZHQ,1,1
LF85-ZQN,1,0
LFCY-8FG,1,0
LFDK-7PH,0,1
LH12-VCR,1,0
LH12-Y9P,0,1
LH1D-82V,1,0
LH1M-7BG,1,0
LH1Z-YCC,0,1
LH38-LFB,0,1
LH5D-98C,1,0
LH6C-D15,1,1
LH6C-NJB,1,0
LH6K-T1L,1,0
LH6V-4MQ,1,0
LH7K-318,0,1
LH7K-3WV,1,1
LH7R-HWT,0,1
LH7Y-L2V,1,0
LH7Y-LKW,1,0
LH7Y-LRT,1,1
LH9Q-L95,1,0
LHF6-BM2,1,1
LHFV-1YT,1,0
LHJ4-HBF,0,1
LHJ9-KJ2,1,0
LHK8-L3J,1,0
LHKC-SHP,1,0
LHKC-SW8,1,1
LHL4-RXT,0,1
LHLB-H5P,1,0
LHLL-D6H,1,1
LHLS-Z88,1,0
LHLS-ZX2,1,0
LHN4-BNX,0,1
LHPN-TFY,1,0
LHQ8-J98,1,0
LHQR-KX9,0,1
LHR6-C3R,1,0
LHRZ-RS2,0,1
LHS7-PW9,0,1
LHTV-5KW,0,1
LHX1-T8S,1,1
LHX4-M75,0,1
LHXC-764,1,0
LHYL-FZW,1,1
LHZ7-9Q4,1,1
LHZ7-M1R,1,0
LHZ7-MFG,1,0
LHZJ-L5F,0,1
LHZV-5QZ,0,1
LHZV-TRT,1,1
LHZV-YM8,1,0
LJ15-RSP,0,1
LJ18-V8Z,1,1
LJ1C-NNT,1,0
LJ1Y-YMY,1,0
LJ26-9WK,1,0
LJ2G-GRL,1,1
LJ2K-4S1,1,1
LJ2P-6NV,1,0
LJ52-NCX,0,1
LJ57-92J,1,0
LJ5M-X9G,0,1
LJ7F-42H,1,0
LJ8N-G3J,0,1
LJGC-LJN,0,1
LJGC-TDX,1,0
LJJ4-CKL,1,1
LJJ4-Z9M,1,0
LJJB-BZ3,1,0
LJJF-47K,1,0
LJJF-QZ5,1,0
LJK2-31C,1,0
LJK2-3R4,1,0
LJK4-QC3,0,1
LJKK-KR9,0,1
LJKS-9XZ,0,1
LJKY-JKQ,1,0
LJL1-MLH,1,0
LJL5-5MN,1,0
LJLQ-XBF,0,1
LJPF-5L3,1,0
LJPF-5YD,1,1
LJPZ-F3T,1,0
LJR2-STW,1,0
LJRQ-Y5B,1,0
LJRQ-YGT,1,0
LJRZ-GYL,1,0
LJTV-VH7,0,1
LJVW-N5P,1,0
LJYF-84H,1,0
LJYF-87L,1,0
LJYL-NL8,1,0
LJZW-GVG,1,0
LK1B-NNJ,0,1
LK1J-311,1,0
LK1J-QT5,1,0
LK1S-89S,1,0
LK1X-S3B,1,0
LK2W-HR3,0,1
LK3G-6TF,0,1
LK4D-6LS,1,0
LK4J-2ZV,1,0
LK4Y-KL7,1,1
LK5W-DQP,1,0
LK72-KH3,1,1
LK72-ZJS,1,0
LK7D-TB9,0,1
LK7J-DCJ,1,0
LK7R-V63,1,0
LK91-C66,1,0
LK9B-BDY,0,1
LK9B-YXZ,1,0
LK9G-XJ3,0,1
LK9N-VCQ,0,1
LK9P-8YX,1,0
LK9R-D3J,1,0
LK9S-B5T,1,0
LKBG-S6N,1,0
LKBW-9X3,1,0
LKC6-M42,1,1
LKCC-BK4,1,0
LKCF-SSG,0,1
LKCS-8J8,1,0
LKCS-8KM,1,0
LKDL-XNV,0,1
LKDT-VBQ,1,0
LKDV-QND,1,0
LKFF-K5D,1,0
LKFX-F5J,1,0
LKFX-FY7,1,0
LKFX-K32,1,1
LKG3-2KV,1,0
LKG3-2TC,1,0
LKG3-2YZ,1,0
LKGT-7P7,1,0
LKGZ-LTB,0,1
LKH9-8V1,1,0
LKHY-3KK,1,0
LKHY-QQT,1,0
LKJB-DBQ,1,0
LKJR-S79,1,0
LKJR-SWC,1,0
LKJS-YP6,0,1
LKK4-NZ8,1,0
LKK8-T8Z,1,1
LKKL-3V5,1,1
LKKL-99D,1,1
LKKR-RY3,1,0
LKLB-CST,1,0
LKMC-78G,1,0
LKMC-7CP,1,0
LKMF-C2C,0,1
LKN6-R5C,1,0
LKN6-TMS,1,0
LKNK-BM7,1,0
LKNK-BZ2,1,0
LKP3-Z8S,1,0
LKQ3-7HF,0,1
LKQ7-73K,0,1
LKQR-Q37,1,0
LKQR-QQC,1,0
LKQV-K1F,1,0
LKQV-KTY,1,1
LKQV-VMD,1,1
LKR1-6CZ,1,0
LKR5-GPH,0,1
LKR7-8CZ,1,0
LKR7-8DZ,1,0
LKR7-8ZR,1,0
LKR7-K91,0,1
LKS3-RHL,1,0
LKS4-WRL,0,1
LKTM-52W,1,0
LKTV-GGH,1,0
LKVB-PXW,0,1
LKVM-BJL,1,0
LKVR-JPH,1,0
LKVW-R7R,1,0
LKVW-R8P,1,0
LKVW-RDX,1,0
LKW1-172,1,0
LKXY-KJP,1,0
LKXY-KK1,1,0
LKY8-7FT,1,0
LKY8-QH3,1,0
LKYJ-HB2,1,0
LKYJ-QBW,1,0
LL3D-Z4S,1,0
LL41-GHZ,1,0
LL41-GVN,1,0
LL48-7J3,0,1
LL4G-JYK,0,1
LL4H-P87,0,1
LL7D-VJG,1,1
LL7F-ZGV,0,1
LL7M-MTY,1,1
LL7Q-MDC,1,0
LL7T-NJ7,0,1
LL98-SKT,1,0
LL98-SX3,1,0
LL9J-838,1,0
LL9M-9T8,1,0
LL9Z-9TQ,1,0
LL9Z-M3W,1,0
LLC6-BWG,1,1
LLCH-C93,1,0
LLCH-WX1,1,0
LLCV-QFF,1,1
LLCV-QV2,1,0
LLH5-3LW,1,0
LLHB-DZ7,0,1
LLHB-F78,0,1
LLHF-SVX,1,0
LLHK-NKP,1,0
LLHQ-VC1,1,0
LLHQ-VX1,1,0
LLM8-SXG,1,1
LLMD-FQ9,1,0
LLMP-J27,1,0
LLMP-WKQ,1,0
LLMZ-1GR,0,1
LLSX-D4W,1,1
LLW3-F97,1,0
LLW5-SLM,1,0
LLWM-W3H,1,0
LLWM-W9G,1,0
LLWQ-R9J,1,0
LMW5-69D,0,1
LN9B-WCT,0,1
LNJV-BXN,1,0
LNKB-WW9,0,1
LQ5L-1XW,0,1
LQRX-8RZ,1,0
LQRZ-GSD,0,1
LR14-DNN,0,1
LR1C-16T,1,0
LR1T-MVK,1,0
LR24-Q17,1,0
LR2F-4RF,1,0
LR2K-3WK,1,0
LR2M-KHQ,1,0
LR2M-L4B,1,0
LR2M-LL9,1,1
LR2M-LLQ,1,1
LR2N-3HQ,0,1
LR2R-SGR,1,0
LR2S-1BF,1,0
LR2S-KHB,0,1
LR2X-BJ1,1,0
LR3J-63T,1,1
LR3L-21P,1,0
LR3M-5Y2,1,0
LR3Q-BZT,1,0
LR3Q-Y8Z,1,0
LR3W-C3P,1,0
LR42-GWG,1,1
LR42-GWR,1,1
LR43-6M8,1,0
LR45-67L,1,1
LR45-VVJ,1,0
LR4J-8N2,1,0
LR4N-CZ1,1,0
LR4N-ZGM,1,0
LR51-KDK,1,1
LR51-P4G,1,0
LR52-7LG,1,0
LR57-28P,0,1
LR5G-J2V,1,0
LR5P-NND,1,0
LR6J-TYT,1,1
LR6S-KNX,1,0
LR86-2KZ,1,0
LR86-JZN,1,0
LR86-PP3,0,1
LR8Q-T8M,1,0
LR8Z-NK3,1,0
LR95-1LT,1,1
LR9G-9PT,1,1
LR9K-92V,1,0
LR9R-S5T,1,0
LRBF-1D9,0,1
LRBQ-CRC,1,0
LRBR-QZJ,1,0
LRBV-91L,0,1
LRCP-XBG,1,0
LRCX-Z9Q,1,0
LRD4-9V3,1,0
LRDG-915,1,0
LRF7-KS8,0,1
LRF8-VTY,0,1
LRFN-JN8,1,0
LRFR-SSN,1,0
LRFR-W4P,1,0
LRFW-QJ2,1,0
LRG7-HCY,1,0
LRG7-Z2R,1,0
LRG8-RPC,1,1
LRG8-RPV,1,0
LRGD-9WT,1,0
LRGJ-MCC,1,0
LRGN-GM7,1,0
LRH6-3X5,0,1
LRHJ-CCB,1,0
LRHJ-ZD1,1,0
LRHW-1QQ,1,0
LRHW-B96,1,0
LRHW-L7T,0,1
LRJ2-3LB,1,0
LRJ5-CC4,1,0
LRJ9-6G1,1,0
LRJ9-TK5,1,0
LRJ9-XRQ,0,1
LRJH-C9K,1,0
LRJH-JTL,0,1
LRJH-QVT,1,1
LRJZ-TV5,1,0
LRKC-BH6,1,0
LRKC-BRF,1,0
LRKK-N88,1,1
LRKL-73W,1,0
LRKV-V1H,1,0
LRKX-RZM,1,0
LRKZ-ZS3,1,0
LRL1-YDZ,1,1
LRL3-977,1,0
LRL5-CXT,0,1
LRL7-8BH,1,0
LRLD-BG7,1,0
LRLS-BDP,1,0
LRM6-28H,1,0
LRM6-KPC,1,0
LRM9-N45,1,0
LRML-YT2,1,0
LRNJ-3R9,1,0
LRNJ-4MR,1,0
LRNK-T8G,1,1
LRPM-C66,0,1
LRPR-9KG,1,0
LRPS-VQH,1,0
LRQ7-KM1,1,0
LRQ8-FDD,1,0
LRQ8-XYT,1,0
LRQG-W5S,0,1
LRQS-WHN,1,0
LRR4-S7M,0,1
LRRS-W1B,1,0
LRRX-BQY,1,0
LRSJ-ZGS,0,1
LRTF-4KW,1,0
LRTG-WL2,0,1
LRTL-6FG,1,1
LRTL-MG3,1,1
LRTS-Y3T,1,0
LRTW-P4Y,0,1
LRV5-15H,1,0
LRV5-C9L,1,0
LRV5-X9D,1,1
LRV5-Z3K,1,1
LRV5-Z47,1,0
LRW6-Q4D,1,0
LRWL-637,1,0
LRWN-294,1,0
LRWN-83P,1,0
LRWN-JPK,1,0
LRWP-PT3,1,0
LRWQ-53F,1,0
LRWQ-GJ3,1,1
LRWQ-TW4,1,1
LRWY-WQM,1,0
LRX2-S82,0,1
LRXD-BY7,1,0
LRXD-BZ8,1,0
LRXL-DZY,0,1
LRXM-8L4,0,1
LRY2-FJC,0,1
LRYJ-RBB,0,1
LRYY-1Y6,1,0
LRZ6-HWQ,1,0
LRZ8-85N,1,0
LRZM-9BD,0,1
LT11-VL9,0,1
LT1B-3BN,1,1
LT1K-D7M,1,0
LT1K-K61,1,0
LT1S-NZH,1,0
LT1Y-5H9,1,0
LT1Y-RNG,1,0
LT23-5PB,1,0
LT23-F9N,0,1
LT2C-NP7,1,0
LT2C-YN2,0,1
LT2D-Y6Y,1,0
LT2P-J3R,0,1
LT2Q-SXT,1,0
LT2W-VWR,1,0
LT32-NMK,1,0
LT46-X82,0,1
LT4F-7HN,0,1
LT4S-R4D,1,0
LT4Y-4ZD,0,1
LT54-W2X,1,0
LT5Q-ZGG,1,0
LT65-YQ2,1,0
LT6D-3X6,1,0
LT6D-M4M,1,1
LT6R-WLD,1,0
LT75-75P,1,0
LT76-XHP,1,0
LT7F-LQT,1,1
LT7F-NS4,1,1
LT7F-RNL,1,0
LT7P-G2C,1,0
LT8T-VSK,1,0
LT9B-N44,1,0
LT9G-TMQ,1,1
LT9G-TT5,1,1
LT9H-L4C,1,0
LT9W-73C,1,0
LT9W-7S1,1,0
LT9W-WW4,1,0
LTBC-VXX,1,0
LTBT-7GG,1,0
LTCP-YQR,1,0
LTCY-2VV,1,0
LTCY-85D,1,1
LTDJ-978,1,0
LTDT-65R,1,0
LTF2-16F,0,1
LTF5-FCR,1,0
LTF5-SCT,1,0
LTFC-HFT,1,0
LTFN-S5T,1,0
LTGC-2YR,1,0
LTGC-L6P,1,0
LTGC-YFP,0,1
LTGN-J5R,1,0
LTGR-3JX,0,1
LTH2-FDF,1,0
LTH9-83D,1,1
LTH9-C95,1,1
LTHL-NMF,1,0
LTJB-9DJ,1,1
LTKB-GK7,1,0
LTKW-HRS,1,0
LTKY-LKR,1,0
LTL6-4LK,1,0
LTLF-MRD,1,0
LTLP-F9F,1,0
LTLV-GJT,1,0
LTLZ-WGR,0,1
LTMT-TZC,1,0
LTMX-3TH,1,0
LTMZ-J5F,1,1
LTNC-VZD,1,0
LTNG-44J,1,0
LTNG-QV5,1,1
LTNK-1PJ,0,1
LTNQ-611,0,1
LTNR-RWB,1,0
LTNS-8B1,1,0
LTNT-Z2H,0,1
LTNV-4QL,1,0
LTNV-Z1G,1,0
LTNZ-9BL,1,0
LTPC-CTS,1,0
LTPN-KL5,1,1
LTPS-BWY,1,0
LTPW-21Y,1,1
LTQ8-7V4,1,0
LTQ9-R8K,1,0
LTQ9-YFS,1,1
LTQM-PCP,1,1
LTQP-C51,1,0
LTQP-F77,1,0
LTQP-MN1,1,1
LTQS-QSL,1,0
LTR5-NP7,1,0
LTR5-ZWG,1,0
LTRN-CZW,0,1
LTRQ-2G5,1,0
LTRQ-RS1,1,1
LTRW-2R7,1,0
LTSJ-TXJ,0,1
LTT5-7J4,1,0
LTT8-SKC,1,0
LTTB-8C7,1,0
LTTJ-FWW,1,0
LTTJ-KM3,1,0
LTVF-HXS,1,0
LTW1-8MH,1,0
LTW1-FGN,1,1
LTW8-CJF,0,1
LTWC-T7Z,0,1
LTWC-YR5,1,0
LTWJ-KL3,1,1
LTWM-HCM,0,1
LTWT-R8J,1,0
LTWW-MT8,1,0
LTWZ-TTF,0,1
LTX1-896,0,1
LTX1-K11,0,1
LTX1-KJ2,0,1
LTXK-BXR,1,0
LTXY-H64,1,0
LTYX-M69,0,1
LTZ3-H1Z,1,1
LTZ5-GBN,0,1
LTZ9-5RS,1,0
LTZ9-TRY,1,0
LTZJ-QGF,1,0
LV15-H6T,1,0
LV15-HDV,1,1
LV17-LV1,1,0
LV1Q-XBJ,1,1
LV2R-2V7,1,0
LV3T-ZZQ,1,0
LV45-NYB,1,0
LV48-1RC,1,1
LV48-1YS,1,0
LV4J-T39,0,1
LV55-R7C,1,0
LV5J-ZB7,1,0
LV5L-CQ6,0,1
LV5N-8S8,1,0
LV5P-WHS,1,0
LV5X-3GC,0,1
LV6G-1YP,1,0
LV6P-M22,1,0
LV71-N6M,0,1
LV72-P25,1,0
LV72-PBN,1,0
LV73-DBT,1,0
LV73-DY5,1,0
LV74-PP5,1,0
LV77-X23,0,1
LV7K-3GV,1,0
LV7S-X2T,1,0
LV82-JGR,1,0
LV82-JXL,1,0
LV86-9QX,1,0
LV86-9S5,1,0
LV8M-41R,1,0
LV8M-Q98,1,1
LV8P-61W,1,0
LV8S-5BT,0,1
LV8S-ZWD,0,1
LV9G-JT8,1,0
LVBJ-HYK,0,1
LVC1-Z73,1,0
LVC1-Z7G,1,0
LVC6-VCW,1,0
LVC6-VQC,1,0
LVCQ-PN7,1,0
LVCQ-TM7,1,1
LVD3-SPF,1,0
LVD6-SN1,1,1
LVD7-NG2,1,1
LVD7-NWB,1,0
LVDB-13S,1,1
LVDF-4ZB,1,0
LVDR-3HH,1,0
LVDT-GRS,0,1
LVF4-XHB,0,1
LVFF-51T,0,1
LVG4-4SW,1,1
LVG5-J6T,1,0
LVG6-KWY,0,1
LVGB-J5R,1,0
LVGL-2PG,1,0
LVGL-GJJ,1,0
LVGV-YGB,1,0
LVGV-YXW,1,1
LVH5-Y23,1,0
LVH6-37M,0,1
LVHP-PNK,1,0
LVHT-BM8,1,0
LVHX-NN7,1,0
LVHX-NNY,1,0
LVJ1-L2Z,1,1
LVJG-KMN,0,1
LVJR-MD3,0,1
LVJR-MZ2,0,1
LVJT-PH4,1,0
LVJY-SWS,1,0
LVK5-Q7T,0,1
LVKQ-P59,1,0
LVKR-SZJ,1,0
LVLC-X9G,1,0
LVLH-BMJ,1,1
LVLP-7XM,1,0
LVLR-T9L,1,0
LVM3-T54,1,1
LVM8-42Q,1,1
LVMC-CKM,1,0
LVMJ-7RL,0,1
LVND-FYT,1,1
LVP2-ZKW,0,1
LVPH-L5W,1,0
LVPH-LB2,1,0
LVPM-6KZ,1,0
LVPM-FNB,1,0
LVQ4-7GG,1,0
LVQD-6M6,0,1
LVS2-9DY,1,0
LVS2-9FK,1,0
LVS6-XWP,0,1
LVSG-RWQ,1,0
LVV9-WTJ,1,0
LVVJ-KSK,1,0
LVVJ-V8P,1,0
LVVK-66V,1,0
LVVK-6NY,1,0
LVW3-DW3,1,0
LVW3-JYD,1,0
LVW8-W4X,0,1
LVX7-VRW,0,1
LVY3-DM1,1,0
LVY8-ZF5,1,0
LVY8-ZJW,1,1
LVYB-6JM,1,0
LVYL-2T6,1,0
LVYR-4JL,1,0
LVYY-LVW,0,1
LVZ2-9BY,1,0
LVZ5-TLK,1,0
LVZM-QJQ,1,0
LVZP-28T,1,0
LVZP-2M7,1,1
LVZP-HPZ,0,1
LVZT-TRW,1,0
LW1S-G75,1,0
LW1S-G7P,1,0
LW35-F2Z,1,0
LW6T-7D5,1,1
LW6T-WTV,1,1
LWF2-GLL,1,1
LWMW-463,1,0
LWMW-ZD1,1,0
LWPX-1RQ,1,0
LWXS-FWF,1,0
LWXT-FHN,1,0
LWY2-SZF,1,0
LWYL-K3M,1,0
LWYL-V14,1,1
LX3F-NMV,1,0
LX3F-NQT,1,1
LX3S-MGX,0,1
LX78-Z6B,1,1
LX78-Z6M,1,1
LX78-ZVG,1,0
LX7M-2RN,1,0
LX9J-NX6,0,1
LX9T-GV9,0,1
LXFK-D13,0,1
LXLQ-9XV,1,0
LXM4-SLX,1,0
LXM4-VVN,0,1
LXM5-MQM,1,0
LXMQ-DWD,1,0
LXQT-F1N,1,0
LXQT-FBR,1,1
LXQT-J6L,0,1
LXSK-TP5,1,1
LXSW-19Y,1,0
LXTF-SKW,1,0
LXZ3-76P,1,0
LY1B-11B,1,0
LY1Q-VVG,1,0
LY1S-JDY,1,0
LY1Y-78K,1,0
LY1Y-KS4,1,0
LY2H-FRN,0,1
LY3F-8KS,1,0
LY3F-J9N,1,0
LY4C-CVW,0,1
LY4N-WFY,1,0
LY4Q-15T,1,0
LY55-B4M,1,0
LY55-B7F,1,0
LY5M-KRS,1,0
LY5S-5V3,0,1
LY5S-WMB,1,0
LY6C-74R,1,0
LY6C-7H9,1,0
LY6C-WZK,1,0
LY6M-8SG,1,1
LY76-5SD,1,0
LY76-9VB,1,0
LY77-4D1,0,1
LY7D-4V1,1,0
LY7L-452,1,0
LY86-YCR,1,1
LY8F-H8N,1,0
LY8S-ZQK,1,0
LY8T-BQ8,1,0
LY8T-DFT,1,0
LY8T-ZRR,1,0
LY8V-N3N,1,0
LY8Y-8ZL,1,0
LY95-X7C,0,1
LY9B-RG5,1,0
LY9M-C28,1,0
LY9M-XX6,1,0
LY9R-KSW,1,0
LY9S-NTC,1,0
LY9T-Y4P,0,1
LYB4-2JG,1,0
LYB6-ZM6,1,0
LYB9-B4R,1,0
LYBB-56R,1,0
LYBB-GRV,1,0
LYBK-BBZ,1,0
LYBQ-SS4,1,0
LYC3-WQ3,1,0
LYC8-4YZ,1,0
LYCP-LVP,0,1
LYCP-PQK,0,1
LYCW-J9H,1,1
LYDL-QG6,1,0
LYDR-XZD,1,0
LYFC-6P4,0,1
LYFG-LRS,0,1
LYFK-4ZV,0,1
LYG3-17R,1,0
LYG6-NJ4,1,0
LYGG-FG7,1,0
LYGH-WRY,1,0
LYGL-PLW,1,1
LYGL-T6B,1,0
LYGQ-4CN,1,0
LYGX-VJL,0,1
LYH3-C6C,1,1
LYH4-C28,1,0
LYH4-GPB,1,0
LYH8-H2W,1,0
LYHJ-12L,0,1
LYHY-Z5C,1,0
LYHY-Z5J,1,0
LYJ2-5ZD,1,1
LYJ4-DSK,1,0
LYJ4-L9L,1,0
LYJ4-P72,1,0
LYJ6-Q4Y,1,0
LYJB-27W,1,0
LYJC-BF9,1,0
LYJL-S89,1,0
LYJT-2MX,0,1
LYK2-GRP,1,0
LYL3-8YN,1,0
LYLW-RLT,1,0
LYM6-LKP,0,1
LYMD-FTX,0,1
LYMF-3TD,1,0
LYMF-V1T,1,0
LYMJ-8DX,0,1
LYN4-F28,1,1
LYN4-TQ2,1,0
LYNN-C2W,0,1
LYNQ-JFN,1,0
LYNQ-R6N,1,0
LYP6-MHD,1,0
LYPH-KFM,1,0
LYPP-8LL,1,0
LYPP-8LQ,1,0
LYPZ-HJM,1,1
LYQF-SHH,0,1
LYR3-HL8,1,0
LYRM-5YN,1,0
LYS7-LYS,1,0
LYSQ-C79,1,1
LYSW-MGK,1,0
LYSY-JC3,0,1
LYT7-2HG,1,0
LYTT-T34,1,1
LYVD-118,1,0
LYVD-188,1,0
LYW3-S8F,1,0
LYWP-DCK,0,1
LYWS-PRY,1,0
LYWW-5LS,1,0
LYWW-B9C,1,0
LYXG-HKJ,1,0
LYY5-JQC,0,1
LYY7-PFL,1,0
LYYJ-HBZ,0,1
LYYM-278,1,0
LYZ5-38Q,1,0
LYZM-SSR,1,0
LYZM-VNM,1,0
LYZP-TQ6,1,0
LYZW-2W8,1,0
LZ1D-1TT,1,0
LZ28-JWF,0,1
LZ4L-QDD,1,0
LZ5M-21N,1,0
LZ5Q-MMQ,1,0
LZ5Q-MSK,1,0
LZ8Q-W7W,1,0
LZBB-397,1,0
LZBM-H8G,1,0
LZCR-S97,1,0
LZJ9-9CH,1,1
LZJ9-9CS,1,1
LZJM-7DY,1,0
LZJM-8BC,1,0
LZJM-HT6,1,0
LZJS-YHH,1,0
LZKN-13Q,1,0
LZNH-TW7,0,1
LZP6-NWM,1,0
LZRN-G43,0,1
LZT5-HLD,1,0
LZTW-DP8,1,0
LZV2-MJD,1,1
LZVG-Q7Q,1,1
LZVG-QDN,1,0
LZX4-8L8,1,0
LZX4-8LD,1,0
LZXC-CTR,1,0
LZYJ-15H,1,0
LZYJ-1PB,1,0
LZYJ-1Q1,1,0
LZYJ-1QJ,1,0
LZZB-HNP,0,1
M14M-PWZ,1,0
M19J-CM8,0,1
M19J-PK8,1,0
M1DF-2M6,1,0
M1DF-L9J,0,1
M1DF-LDC,1,0
M1DF-LJZ,1,0
M1DF-PJ5,1,0
M1DF-PVY,1,0
M1DN-QC8,1,1
M1DN-QS9,1,1
M1DN-SDG,1,1
M1KG-QVY,1,1
M2YK-4X2,0,1
M42L-MZX,0,1
M469-CV2,1,0
M46Z-PF7,0,1
M49N-7G5,1,0
M5BB-R85,1,0
M79P-QH3,0,1
M7FM-XZ4,1,0
M7V8-X62,1,0
MC2D-CV1,1,1
MC53-8C4,0,1
MC83-899,1,0
MC8G-NL9,1,0
MCKX-5B5,1,0
MCKX-5BJ,1,0
MFGR-758,0,1
MFNW-TNV,1,0
MFY1-4V7,1,0
MFY2-GKT,1,0
MGY4-LZC,1,0
MGYZ-ZF1,1,0
MH5V-1CW,1,0
MHD3-DNK,1,0
MJ6W-WDQ,1,0
MK42-59Q,1,1
MKDV-HT9,1,0
MKWP-X5L,1,0
MM1P-JKV,1,1
MMKM-JM7,0,1
MMLY-T37,1,0
MNBV-C57,1,0
MP54-CXX,0,1
MPDG-3LG,0,1
MQCH-5QN,1,1
MQCH-PC5,1,0
MQF1-8SN,0,1
MRMQ-6J1,1,0
MRMQ-6J7,1,0
MRNN-GM1,1,0
MSPD-FM7,1,0
MSPD-X16,1,0
MV2W-KRC,1,0
MVGF-WN2,1,1
MVQC-8C5,1,0
MW7Z-HTH,1,0
MW9H-4D4,1,0
MWHZ-2Z4,0,1
MWHZ-53G,0,1
MWRR-84F,0,1
MWRR-CPK,0,1
MWRR-KGV,1,0
MWRR-ZFV,0,1
MWXP-T66,0,1
MX6C-1LY,1,0
MX9R-CPH,0,1
MXH8-284,1,0
MXKD-QQ4,1,0
MY32-5DW,1,0
MY37-KFJ,1,0
MY91-FQR,1,0
MYWY-Q3S,0,1
MYX3-2XW,0,1
MYYN-GL6,1,0
MYYN-GLP,1,0
MZ3T-6FX,1,0
MZ83-FPD,1,1
MZW9-VTN,1,0
MZXL-6X9,1,0
no_pid_1005,1,0
no_pid_1045,1,0
no_pid_1046,1,0
no_pid_1048,1,0
no_pid_1054,1,0
no_pid_1070,1,0
no_pid_108,1,0
no_pid_1112,1,0
no_pid_1122,1,0
no_pid_1132,1,0
no_pid_1133,1,0
no_pid_1146,1,0
no_pid_1150,1,0
no_pid_1158,1,0
no_pid_121,1,0
no_pid_1216,1,0
no_pid_1248,1,0
no_pid_1251,1,0
no_pid_129,1,0
no_pid_1292,1,0
no_pid_130,1,0
no_pid_1304,1,0
no_pid_1310,1,0
no_pid_1319,1,0
no_pid_1321,1,0
no_pid_1331,1,0
no_pid_1332,1,0
no_pid_134,1,0
no_pid_1349,1,0
no_pid_1353,1,0
no_pid_1355,1,0
no_pid_1371,1,0
no_pid_1381,1,0
no_pid_1382,1,0
no_pid_1418,1,0
no_pid_1447,1,0
no_pid_1454,1,0
no_pid_1469,1,0
no_pid_1480,1,0
no_pid_1482,1,0
no_pid_1488,1,0
no_pid_149,1,0
no_pid_1515,1,0
no_pid_1519,1,0
no_pid_1534,1,0
no_pid_1542,1,0
no_pid_1547,1,0
no_pid_1557,1,0
no_pid_157,1,0
no_pid_158,1,0
no_pid_1585,1,0
no_pid_1590,1,0
no_pid_1610,1,0
no_pid_1624,1,0
no_pid_1642,1,0
no_pid_1643,1,0
no_pid_1673,1,0
no_pid_1677,1,0
no_pid_1687,1,0
no_pid_1688,1,0
no_pid_1711,1,0
no_pid_1739,1,0
no_pid_1764,1,0
no_pid_1769,1,0
no_pid_1774,1,0
no_pid_1799,1,0
no_pid_1802,1,0
no_pid_1805,1,0
no_pid_1828,1,0
no_pid_1830,1,0
no_pid_1853,1,0
no_pid_1877,1,0
no_pid_1884,1,0
no_pid_1887,1,0
no_pid_1895,1,0
no_pid_1898,1,0
no_pid_1899,1,0
no_pid_1905,1,0
no_pid_1907,1,0
no_pid_1908,1,0
no_pid_1916,1,0
no_pid_1920,1,0
no_pid_1922,1,0
no_pid_1924,1,0
no_pid_193,1,0
no_pid_1947,1,0
no_pid_1958,1,0
no_pid_1961,1,0
no_pid_1964,1,0
no_pid_1986,1,0
no_pid_2006,1,0
no_pid_2021,1,0
no_pid_2022,1,0
no_pid_2026,1,0
no_pid_2029,1,0
no_pid_2061,1,0
no_pid_2063,1,0
no_pid_2068,1,0
no_pid_2078,1,0
no_pid_2083,1,0
no_pid_2113,1,0
no_pid_2130,1,0
no_pid_2135,1,0
no_pid_2137,1,0
no_pid_2150,1,0
no_pid_2160,1,0
no_pid_2171,1,0
no_pid_2175,1,0
no_pid_2177,1,0
no_pid_2195,1,0
no_pid_2197,1,0
no_pid_2213,1,0
no_pid_2219,1,0
no_pid_2221,1,0
no_pid_2234,1,0
no_pid_224,1,0
no_pid_2244,1,0
no_pid_2273,1,0
no_pid_2277,1,0
no_pid_2278,1,0
no_pid_2281,1,0
no_pid_2288,1,0
no_pid_230,1,0
no_pid_2307,1,0
no_pid_2311,1,0
no_pid_2314,1,0
no_pid_2319,1,0
no_pid_2324,1,0
no_pid_2333,1,0
no_pid_2342,1,0
no_pid_2350,1,0
no_pid_2357,1,0
no_pid_2364,1,0
no_pid_2375,1,0
no_pid_2378,1,0
no_pid_2396,1,0
no_pid_2405,1,0
no_pid_2409,1,0
no_pid_2448,1,0
no_pid_2450,1,0
no_pid_2456,1,0
no_pid_2471,1,0
no_pid_248,1,0
no_pid_2499,1,0
no_pid_2509,1,0
no_pid_251,1,0
no_pid_2526,1,0
no_pid_2530,1,0
no_pid_2531,1,0
no_pid_2533,1,0
no_pid_2534,1,0
no_pid_256,1,0
no_pid_2587,1,0
no_pid_2593,1,0
no_pid_2627,1,0
no_pid_2640,1,0
no_pid_2642,1,0
no_pid_2650,1,0
no_pid_2652,1,0
no_pid_2653,1,0
no_pid_2663,1,0
no_pid_2669,1,0
no_pid_267,1,0
no_pid_2673,1,0
no_pid_272,1,0
no_pid_273,1,0
no_pid_30,1,0
no_pid_305,1,0
no_pid_311,1,0
no_pid_332,1,0
no_pid_352,1,0
no_pid_355,1,0
no_pid_391,1,0
no_pid_397,1,0
no_pid_41,1,0
no_pid_413,1,0
no_pid_425,1,0
no_pid_446,1,0
no_pid_466,1,0
no_pid_468,1,0
no_pid_469,1,0
no_pid_470,1,0
no_pid_477,1,0
no_pid_490,1,0
no_pid_497,1,0
no_pid_508,1,0
no_pid_509,1,0
no_pid_514,1,0
no_pid_516,1,0
no_pid_532,1,0
no_pid_535,1,0
no_pid_554,1,0
no_pid_571,1,0
no_pid_580,1,0
no_pid_590,1,0
no_pid_598,1,0
no_pid_600,1,0
no_pid_61,1,0
no_pid_616,1,0
no_pid_644,1,0
no_pid_656,1,0
no_pid_668,1,0
no_pid_678,1,0
no_pid_687,1,0
no_pid_688,1,0
no_pid_694,1,0
no_pid_714,1,0
no_pid_763,1,0
no_pid_769,1,0
no_pid_776,1,0
no_pid_788,1,0
no_pid_802,1,0
no_pid_805,1,0
no_pid_810,1,0
no_pid_814,1,0
no_pid_820,1,0
no_pid_833,1,0
no_pid_847,1,0
no_pid_85,1,0
no_pid_864,1,0
no_pid_865,1,0
no_pid_870,1,0
no_pid_872,1,0
no_pid_886,1,0
no_pid_926,1,0
no_pid_930,1,0
no_pid_939,1,0
no_pid_951,1,0
no_pid_957,1,0
no_pid_964,1,0
no_pid_973,1,0
no_pid_991,1,0
no_pid_996,1,0
